etiqueta,persona,id_muestra,frame,x0,y0,z0,x1,y1,z1,x2,y2,z2,x3,y3,z3,x4,y4,z4,x5,y5,z5,x6,y6,z6,x7,y7,z7,x8,y8,z8,x9,y9,z9,x10,y10,z10,x11,y11,z11,x12,y12,z12,x13,y13,z13,x14,y14,z14,x15,y15,z15,x16,y16,z16,x17,y17,z17,x18,y18,z18,x19,y19,z19,x20,y20,z20,x21,y21,z21,x22,y22,z22,x23,y23,z23,x24,y24,z24,x25,y25,z25,x26,y26,z26,x27,y27,z27,x28,y28,z28,x29,y29,z29,x30,y30,z30,x31,y31,z31,x32,y32,z32,x33,y33,z33,x34,y34,z34,x35,y35,z35,x36,y36,z36,x37,y37,z37,x38,y38,z38,x39,y39,z39,x40,y40,z40,x41,y41,z41,ubic_izq_x,ubic_izq_y,ubic_der_x,ubic_der_y,ubic_nariz_x,ubic_nariz_y,ubic_ojos_x,ubic_ojos_y,ubic_boca_x,ubic_boca_y,ubic_orejaizq_x,ubic_orejaizq_y,ubic_orejader_x,ubic_orejader_y
PRUEBA_1,prueba,0,0,0.000000,0.000000,0.000000,-0.039645,-0.030800,-0.017601,-0.074608,-0.081188,-0.028728,-0.102180,-0.124437,-0.038344,-0.128168,-0.151149,-0.048087,-0.051842,-0.179826,-0.017399,-0.065674,-0.253830,-0.030838,-0.073257,-0.298705,-0.042061,-0.078799,-0.339685,-0.050576,-0.025151,-0.193144,-0.019612,-0.027400,-0.279541,-0.030759,-0.028440,-0.332346,-0.040437,-0.029584,-0.380804,-0.047939,0.000299,-0.186973,-0.024209,0.002642,-0.271193,-0.036941,0.003385,-0.322341,-0.044906,0.002698,-0.370124,-0.050691,0.024759,-0.166778,-0.030260,0.033918,-0.228672,-0.041881,0.039536,-0.269381,-0.045992,0.043465,-0.309077,-0.048736,0.000000,0.000000,0.000000,0.038081,-0.033371,-0.012730,0.071593,-0.084123,-0.019803,0.097371,-0.125556,-0.027009,0.120387,-0.149527,-0.034532,0.048683,-0.179701,-0.008798,0.061170,-0.244248,-0.019703,0.067196,-0.284082,-0.030129,0.072039,-0.321027,-0.037967,0.024761,-0.192438,-0.011872,0.031193,-0.272955,-0.021043,0.035194,-0.322082,-0.030432,0.038001,-0.366953,-0.037531,0.001218,-0.188719,-0.016939,0.003172,-0.265516,-0.026109,0.004920,-0.316020,-0.033735,0.006777,-0.362550,-0.039284,-0.023320,-0.171529,-0.023466,-0.026970,-0.230648,-0.031994,-0.029167,-0.268534,-0.035428,-0.030724,-0.305357,-0.037537,0.812996,-0.219743,-0.757356,-0.309444,0.056932,-0.981831,0.050993,-1.150499,0.046159,-0.803104,0.217996,-1.062963,-0.169674,-1.098231
PRUEBA_1,prueba,0,1,0.000000,0.000000,0.000000,-0.039089,-0.027957,-0.016577,-0.074211,-0.075739,-0.027227,-0.101324,-0.116914,-0.036438,-0.127184,-0.141352,-0.045858,-0.053836,-0.176337,-0.017549,-0.067632,-0.248884,-0.030622,-0.074641,-0.293457,-0.041443,-0.079435,-0.334105,-0.049787,-0.027288,-0.189935,-0.020293,-0.030895,-0.275246,-0.031190,-0.031723,-0.327498,-0.040536,-0.032535,-0.374649,-0.047868,-0.001355,-0.183382,-0.025270,-0.000305,-0.267615,-0.038154,0.000199,-0.318541,-0.046073,-0.000696,-0.365405,-0.051809,0.023708,-0.162672,-0.031529,0.031786,-0.225735,-0.043652,0.036645,-0.267338,-0.048074,0.039942,-0.307723,-0.051001,0.000000,0.000000,0.000000,0.039311,-0.030839,-0.012324,0.073952,-0.077387,-0.019354,0.099409,-0.117741,-0.026522,0.122639,-0.141457,-0.033957,0.052269,-0.173191,-0.007883,0.065938,-0.235101,-0.018523,0.072293,-0.273171,-0.028783,0.077441,-0.308338,-0.036458,0.029004,-0.186857,-0.011025,0.037397,-0.265970,-0.020028,0.042675,-0.314638,-0.029435,0.046406,-0.358696,-0.036499,0.005655,-0.184426,-0.016158,0.008681,-0.260131,-0.025424,0.011061,-0.310000,-0.033243,0.013323,-0.355791,-0.038819,-0.018878,-0.168561,-0.022633,-0.020828,-0.226814,-0.031321,-0.021997,-0.264616,-0.034898,-0.022992,-0.301425,-0.037053,0.812342,-0.250943,-0.758267,-0.342692,0.057721,-1.003744,0.052019,-1.168425,0.047608,-0.837816,0.217034,-1.064656,-0.165696,-1.108985
PRUEBA_1,prueba,0,2,0.000000,0.000000,0.000000,-0.038432,-0.027618,-0.016447,-0.073822,-0.075234,-0.027012,-0.101087,-0.116147,-0.036174,-0.127255,-0.140198,-0.045610,-0.053130,-0.176415,-0.017220,-0.066870,-0.249307,-0.030519,-0.074015,-0.293852,-0.041438,-0.079094,-0.334130,-0.049800,-0.026319,-0.189425,-0.020151,-0.029536,-0.275127,-0.031293,-0.030165,-0.327304,-0.040741,-0.031157,-0.374253,-0.048073,-0.000445,-0.183138,-0.025386,0.001061,-0.267663,-0.038609,0.001419,-0.319170,-0.046589,-0.000041,-0.365985,-0.052277,0.024585,-0.163112,-0.031851,0.033063,-0.226972,-0.044046,0.038003,-0.268278,-0.048236,0.040578,-0.307788,-0.051000,0.000000,0.000000,0.000000,0.039291,-0.030059,-0.011976,0.073122,-0.076341,-0.018632,0.098801,-0.116661,-0.025535,0.122140,-0.140667,-0.032777,0.052396,-0.171839,-0.007506,0.065450,-0.233933,-0.018210,0.071533,-0.272278,-0.028620,0.076688,-0.307690,-0.036570,0.029020,-0.186059,-0.011088,0.036725,-0.265116,-0.020306,0.041436,-0.314228,-0.030163,0.044866,-0.358404,-0.037684,0.005519,-0.183825,-0.016641,0.008080,-0.258747,-0.026269,0.010309,-0.308965,-0.034324,0.012454,-0.354901,-0.040197,-0.019455,-0.167815,-0.023518,-0.021491,-0.225352,-0.032740,-0.022633,-0.263535,-0.036649,-0.023481,-0.300893,-0.039132,0.808302,-0.252557,-0.751968,-0.347983,0.056750,-1.019333,0.050922,-1.181101,0.047095,-0.852070,0.216943,-1.069240,-0.165302,-1.115663
PRUEBA_1,prueba,0,3,0.000000,0.000000,0.000000,-0.038940,-0.026650,-0.016384,-0.074631,-0.070436,-0.027114,-0.101709,-0.108838,-0.036533,-0.127246,-0.130220,-0.046112,-0.056341,-0.167978,-0.017353,-0.071859,-0.239385,-0.030418,-0.079867,-0.282759,-0.041079,-0.085419,-0.322496,-0.049213,-0.031018,-0.182954,-0.019931,-0.036198,-0.267060,-0.030854,-0.038116,-0.318614,-0.040051,-0.039676,-0.365196,-0.047236,-0.005677,-0.179208,-0.024732,-0.006585,-0.262049,-0.037248,-0.007036,-0.311659,-0.044900,-0.008555,-0.356745,-0.050454,0.019558,-0.162278,-0.030885,0.025850,-0.224168,-0.042521,0.029827,-0.265024,-0.046802,0.032564,-0.304178,-0.049661,0.000000,0.000000,0.000000,0.039337,-0.024873,-0.011870,0.074018,-0.068406,-0.018393,0.099682,-0.106346,-0.025026,0.122852,-0.126925,-0.032039,0.057653,-0.159385,-0.008374,0.071000,-0.219192,-0.018527,0.077164,-0.255899,-0.028124,0.082283,-0.289868,-0.035385,0.034846,-0.175923,-0.011319,0.043631,-0.252414,-0.019997,0.048398,-0.299199,-0.028949,0.051810,-0.341232,-0.035772,0.011443,-0.176780,-0.016103,0.016311,-0.249850,-0.024908,0.019646,-0.297384,-0.032373,0.022943,-0.340823,-0.037881,-0.013711,-0.165034,-0.022176,-0.014221,-0.221514,-0.030399,-0.014429,-0.257997,-0.033913,-0.013956,-0.293274,-0.036198,0.817921,-0.295625,-0.755656,-0.400693,0.058172,-1.022054,0.052102,-1.182202,0.048889,-0.853834,0.216524,-1.070703,-0.162870,-1.114410
PRUEBA_1,prueba,0,4,0.000000,0.000000,0.000000,-0.038280,-0.021764,-0.016866,-0.073305,-0.062187,-0.027626,-0.099276,-0.099477,-0.036833,-0.124263,-0.121032,-0.046153,-0.057203,-0.160322,-0.018265,-0.072390,-0.230077,-0.031268,-0.080024,-0.272779,-0.041706,-0.085344,-0.311503,-0.049579,-0.031919,-0.175156,-0.020478,-0.037228,-0.258872,-0.031334,-0.039311,-0.309565,-0.040272,-0.041164,-0.354880,-0.047193,-0.006976,-0.171768,-0.024902,-0.008331,-0.254303,-0.037738,-0.008901,-0.303703,-0.045214,-0.010442,-0.348348,-0.050543,0.017684,-0.155288,-0.030643,0.024036,-0.216144,-0.042857,0.028324,-0.255237,-0.047068,0.031243,-0.292433,-0.049727,0.000000,0.000000,0.000000,0.038931,-0.024347,-0.012196,0.072615,-0.064481,-0.018793,0.097634,-0.100999,-0.025431,0.120726,-0.122903,-0.032576,0.057796,-0.155740,-0.009350,0.070713,-0.214881,-0.019829,0.076653,-0.251179,-0.029532,0.081902,-0.285238,-0.036965,0.035556,-0.172205,-0.012199,0.044168,-0.246273,-0.021306,0.048375,-0.291644,-0.030611,0.051556,-0.332711,-0.037742,0.012401,-0.172296,-0.016833,0.016895,-0.243569,-0.026260,0.019164,-0.290235,-0.033870,0.021528,-0.333394,-0.039468,-0.012572,-0.159470,-0.022728,-0.013112,-0.214563,-0.031898,-0.013533,-0.251129,-0.036003,-0.013420,-0.287436,-0.038603,0.817341,-0.336775,-0.757539,-0.433272,0.054695,-1.022796,0.048990,-1.181365,0.047134,-0.854162,0.212382,-1.072163,-0.164080,-1.112511
PRUEBA_1,prueba,0,5,0.000000,0.000000,0.000000,-0.038161,-0.020210,-0.017136,-0.073201,-0.060567,-0.028082,-0.099416,-0.099160,-0.037400,-0.124789,-0.121561,-0.046843,-0.056729,-0.159536,-0.018992,-0.071516,-0.229245,-0.032350,-0.079390,-0.271903,-0.042961,-0.085168,-0.310284,-0.050942,-0.031091,-0.174223,-0.021374,-0.036038,-0.257645,-0.032732,-0.037822,-0.308872,-0.042074,-0.039762,-0.354524,-0.049169,-0.005931,-0.170943,-0.025969,-0.006412,-0.253150,-0.039450,-0.006888,-0.303559,-0.047610,-0.008945,-0.348828,-0.053274,0.018869,-0.154603,-0.031793,0.026065,-0.216138,-0.044449,0.030409,-0.255449,-0.049021,0.032542,-0.292120,-0.051880,0.000000,0.000000,0.000000,0.039167,-0.023447,-0.011953,0.072585,-0.063642,-0.018227,0.097715,-0.099980,-0.024566,0.120717,-0.121146,-0.031360,0.056825,-0.155466,-0.008301,0.070079,-0.214215,-0.018451,0.076506,-0.250382,-0.028021,0.082048,-0.283566,-0.035407,0.035005,-0.171487,-0.011257,0.043883,-0.245112,-0.020206,0.048516,-0.290576,-0.029588,0.051827,-0.330724,-0.036781,0.012314,-0.171617,-0.016066,0.016829,-0.242511,-0.025598,0.019417,-0.289847,-0.033614,0.021878,-0.332408,-0.039471,-0.012269,-0.159130,-0.022093,-0.013544,-0.213575,-0.031452,-0.014085,-0.250510,-0.035898,-0.013907,-0.286551,-0.038793,0.815749,-0.338435,-0.755567,-0.435951,0.054665,-1.022074,0.048353,-1.180957,0.047234,-0.852710,0.209282,-1.073028,-0.164161,-1.113512
PRUEBA_1,prueba,0,6,0.000000,0.000000,0.000000,-0.037892,-0.021329,-0.015928,-0.072137,-0.064054,-0.025620,-0.098315,-0.101755,-0.033831,-0.122908,-0.123049,-0.042085,-0.056540,-0.157139,-0.016202,-0.071533,-0.225214,-0.028225,-0.078506,-0.267170,-0.037929,-0.083408,-0.304787,-0.045233,-0.032231,-0.172986,-0.018213,-0.037479,-0.255189,-0.027878,-0.039662,-0.304457,-0.036085,-0.041836,-0.347755,-0.042434,-0.008134,-0.170729,-0.022369,-0.009845,-0.251007,-0.033912,-0.010862,-0.298609,-0.040809,-0.012798,-0.341485,-0.045755,0.015772,-0.155618,-0.027778,0.021529,-0.214984,-0.038848,0.025468,-0.253576,-0.042667,0.028120,-0.290354,-0.045062,0.000000,0.000000,0.000000,0.038479,-0.025468,-0.011296,0.071027,-0.068589,-0.017165,0.095675,-0.105225,-0.023182,0.118162,-0.123710,-0.029711,0.056121,-0.156470,-0.008511,0.069058,-0.215586,-0.018036,0.074820,-0.251047,-0.027142,0.079399,-0.284833,-0.034291,0.034554,-0.173086,-0.011476,0.043199,-0.245233,-0.019614,0.046947,-0.289205,-0.028379,0.049101,-0.329420,-0.035151,0.011897,-0.174179,-0.016094,0.016881,-0.244141,-0.024433,0.018532,-0.289012,-0.031556,0.019750,-0.330816,-0.036852,-0.012552,-0.162347,-0.021927,-0.013097,-0.216664,-0.030000,-0.013561,-0.252158,-0.033563,-0.013716,-0.286679,-0.035784,0.814854,-0.384509,-0.763250,-0.477293,0.050362,-1.029423,0.045536,-1.188534,0.044249,-0.860715,0.205491,-1.081215,-0.164951,-1.119895
PRUEBA_1,prueba,0,7,0.000000,0.000000,0.000000,-0.036635,-0.024162,-0.015754,-0.070279,-0.064132,-0.025473,-0.096016,-0.100058,-0.033890,-0.119987,-0.121319,-0.042261,-0.055087,-0.158376,-0.014766,-0.070621,-0.224810,-0.026952,-0.078068,-0.266177,-0.037029,-0.083297,-0.303532,-0.044612,-0.031342,-0.174077,-0.016963,-0.036921,-0.253338,-0.026862,-0.039109,-0.301203,-0.035156,-0.041201,-0.343441,-0.041527,-0.007488,-0.172116,-0.021481,-0.009089,-0.250723,-0.033143,-0.010428,-0.297331,-0.039647,-0.012725,-0.339015,-0.044251,0.016443,-0.156870,-0.027345,0.022398,-0.215236,-0.038175,0.025853,-0.253425,-0.041609,0.027644,-0.289387,-0.043737,0.000000,0.000000,0.000000,0.037295,-0.025620,-0.010865,0.068506,-0.066721,-0.016992,0.092760,-0.102046,-0.023490,0.114526,-0.122130,-0.030503,0.054350,-0.154422,-0.008150,0.066080,-0.214421,-0.018025,0.070868,-0.250883,-0.027347,0.074867,-0.285015,-0.034587,0.032898,-0.169599,-0.011526,0.040452,-0.242636,-0.020061,0.043877,-0.287453,-0.029059,0.046424,-0.327902,-0.036066,0.010580,-0.170061,-0.016568,0.014510,-0.239315,-0.025182,0.016605,-0.284184,-0.032256,0.018650,-0.325383,-0.037600,-0.013567,-0.158507,-0.022831,-0.014106,-0.211926,-0.031186,-0.014707,-0.247075,-0.034806,-0.015037,-0.281437,-0.037152,0.812484,-0.399127,-0.768082,-0.497130,0.045068,-1.032478,0.041168,-1.191699,0.039894,-0.868372,0.200638,-1.084121,-0.166819,-1.122384
PRUEBA_1,prueba,0,8,0.000000,0.000000,0.000000,-0.036614,-0.023542,-0.016160,-0.070375,-0.063482,-0.026067,-0.096212,-0.099974,-0.034641,-0.120324,-0.120903,-0.043181,-0.055485,-0.157857,-0.014915,-0.070436,-0.224869,-0.027248,-0.077712,-0.266317,-0.037508,-0.082861,-0.303665,-0.045205,-0.031536,-0.173245,-0.017067,-0.036922,-0.252455,-0.027198,-0.038931,-0.301033,-0.035769,-0.040863,-0.344224,-0.042292,-0.007554,-0.171373,-0.021594,-0.009107,-0.249748,-0.033482,-0.010152,-0.296917,-0.040253,-0.012058,-0.339167,-0.044984,0.016358,-0.156369,-0.027504,0.021965,-0.214628,-0.038404,0.025504,-0.252859,-0.041899,0.027604,-0.288789,-0.044067,0.000000,0.000000,0.000000,0.036393,-0.024690,-0.010539,0.067460,-0.066086,-0.016371,0.091661,-0.102088,-0.022569,0.113305,-0.123583,-0.029170,0.052814,-0.155153,-0.007176,0.064746,-0.214336,-0.016945,0.069919,-0.250759,-0.026290,0.074231,-0.284465,-0.033563,0.031718,-0.170235,-0.010752,0.039476,-0.243028,-0.019236,0.043416,-0.287617,-0.028269,0.046308,-0.327482,-0.035254,0.009957,-0.170386,-0.016032,0.013541,-0.239315,-0.024705,0.016169,-0.284822,-0.031915,0.018670,-0.326270,-0.037361,-0.013530,-0.158177,-0.022505,-0.014827,-0.211138,-0.030904,-0.015373,-0.246162,-0.034543,-0.015423,-0.280468,-0.036958,0.813405,-0.401292,-0.766409,-0.498085,0.043321,-1.034092,0.040286,-1.193692,0.038935,-0.869536,0.200353,-1.086397,-0.167087,-1.124125
PRUEBA_1,prueba,0,9,0.000000,0.000000,0.000000,-0.036470,-0.023164,-0.013829,-0.068925,-0.062986,-0.022693,-0.093308,-0.098146,-0.030612,-0.116643,-0.117007,-0.038725,-0.053254,-0.152673,-0.013548,-0.068855,-0.217313,-0.025115,-0.076016,-0.257390,-0.034673,-0.080805,-0.293825,-0.041872,-0.030305,-0.168702,-0.016362,-0.036367,-0.247409,-0.025779,-0.039030,-0.294772,-0.033899,-0.041172,-0.336338,-0.040207,-0.007264,-0.167488,-0.021226,-0.009121,-0.244294,-0.032195,-0.010619,-0.290000,-0.038702,-0.012545,-0.330860,-0.043457,0.015724,-0.153362,-0.027283,0.021408,-0.209956,-0.037346,0.024823,-0.247407,-0.040695,0.027107,-0.283103,-0.042932,0.000000,0.000000,0.000000,0.037044,-0.024932,-0.010203,0.068091,-0.065517,-0.015503,0.091747,-0.101285,-0.021108,0.113190,-0.121338,-0.027101,0.053642,-0.152716,-0.006347,0.065461,-0.211120,-0.015134,0.070263,-0.246857,-0.023768,0.074054,-0.280002,-0.030510,0.032610,-0.168519,-0.009275,0.040131,-0.239893,-0.016625,0.043247,-0.283869,-0.024879,0.045201,-0.323103,-0.031319,0.010966,-0.169332,-0.013824,0.015239,-0.237126,-0.021445,0.017011,-0.280816,-0.028125,0.018260,-0.320550,-0.033176,-0.012393,-0.157533,-0.019526,-0.013001,-0.209461,-0.027090,-0.014123,-0.243631,-0.030364,-0.015293,-0.277043,-0.032416,0.809398,-0.442680,-0.770989,-0.522514,0.041981,-1.037437,0.039982,-1.196896,0.037866,-0.873512,0.200360,-1.089804,-0.166784,-1.127043
PRUEBA_1,prueba,0,10,0.000000,0.000000,0.000000,-0.035733,-0.021653,-0.015575,-0.068086,-0.059089,-0.025490,-0.093305,-0.093766,-0.034164,-0.117178,-0.113512,-0.042963,-0.054722,-0.149223,-0.015226,-0.070351,-0.213616,-0.027613,-0.077221,-0.253630,-0.037633,-0.081479,-0.290317,-0.045091,-0.031439,-0.165719,-0.017531,-0.037804,-0.242744,-0.027783,-0.040365,-0.289715,-0.036346,-0.042551,-0.331686,-0.042898,-0.008115,-0.164740,-0.022071,-0.010085,-0.241019,-0.034102,-0.011599,-0.287014,-0.041133,-0.013847,-0.328547,-0.046084,0.014928,-0.150703,-0.027877,0.019991,-0.206781,-0.038904,0.023306,-0.243762,-0.042663,0.025262,-0.278990,-0.045093,0.000000,0.000000,0.000000,0.035874,-0.022588,-0.011621,0.066939,-0.061444,-0.017762,0.090701,-0.097160,-0.023863,0.112795,-0.116967,-0.030169,0.052714,-0.150515,-0.007608,0.065635,-0.207203,-0.016665,0.070950,-0.242661,-0.025541,0.074847,-0.275662,-0.032392,0.031703,-0.166296,-0.009854,0.040349,-0.237082,-0.017370,0.043947,-0.280423,-0.025589,0.045815,-0.318901,-0.031963,0.010267,-0.167280,-0.013809,0.015089,-0.233778,-0.021440,0.017491,-0.276772,-0.027930,0.018938,-0.315297,-0.032816,-0.012727,-0.156408,-0.019044,-0.012663,-0.207862,-0.026280,-0.013063,-0.241112,-0.029193,-0.013611,-0.273101,-0.031009,0.815995,-0.462812,-0.771196,-0.539387,0.041709,-1.036486,0.039831,-1.196392,0.037178,-0.873463,0.200211,-1.090946,-0.167544,-1.127964
PRUEBA_1,prueba,0,11,0.000000,0.000000,0.000000,-0.036144,-0.020623,-0.015803,-0.068768,-0.058009,-0.025636,-0.094002,-0.093077,-0.034157,-0.117751,-0.113917,-0.042767,-0.054701,-0.149138,-0.015160,-0.070246,-0.213214,-0.027605,-0.077205,-0.253340,-0.037730,-0.081619,-0.289831,-0.045253,-0.031395,-0.165563,-0.017396,-0.037475,-0.242683,-0.027764,-0.040017,-0.289869,-0.036529,-0.042408,-0.331857,-0.043145,-0.008069,-0.164611,-0.021905,-0.009893,-0.240978,-0.034135,-0.011472,-0.287679,-0.041430,-0.013920,-0.329669,-0.046487,0.015029,-0.150346,-0.027668,0.020473,-0.206842,-0.038885,0.023802,-0.243821,-0.042738,0.025470,-0.278722,-0.045166,0.000000,0.000000,0.000000,0.036037,-0.022558,-0.011255,0.067093,-0.060887,-0.017112,0.090487,-0.096393,-0.022920,0.111705,-0.116316,-0.028922,0.052566,-0.150356,-0.007240,0.065692,-0.206207,-0.016276,0.071084,-0.241001,-0.025186,0.074960,-0.273121,-0.032071,0.031521,-0.166064,-0.009749,0.040201,-0.236893,-0.017364,0.044008,-0.280144,-0.025751,0.046100,-0.318281,-0.032244,0.010144,-0.166709,-0.013952,0.014808,-0.233319,-0.021876,0.017382,-0.276340,-0.028676,0.018955,-0.314650,-0.033745,-0.012812,-0.155113,-0.019366,-0.012914,-0.206594,-0.026990,-0.013241,-0.240190,-0.030163,-0.013700,-0.272537,-0.032168,0.818778,-0.465253,-0.774218,-0.546266,0.039093,-1.039168,0.037966,-1.197398,0.035444,-0.873504,0.198390,-1.095928,-0.169198,-1.130485
PRUEBA_1,prueba,0,12,0.000000,0.000000,0.000000,-0.035974,-0.022043,-0.013378,-0.068636,-0.060051,-0.021710,-0.093139,-0.095020,-0.029144,-0.116189,-0.113915,-0.036706,-0.054173,-0.148317,-0.012633,-0.069036,-0.212509,-0.023947,-0.075962,-0.252424,-0.033312,-0.080769,-0.288540,-0.040463,-0.031287,-0.164295,-0.015577,-0.037112,-0.241611,-0.024914,-0.039477,-0.288516,-0.033016,-0.041888,-0.330246,-0.039300,-0.008321,-0.163322,-0.020577,-0.010235,-0.239125,-0.031938,-0.012068,-0.284948,-0.038765,-0.014956,-0.325829,-0.043624,0.014752,-0.149473,-0.026654,0.021118,-0.205213,-0.037306,0.024391,-0.242022,-0.040974,0.025656,-0.276777,-0.043351,0.000000,0.000000,0.000000,0.035254,-0.020913,-0.011137,0.066323,-0.058369,-0.017061,0.090700,-0.091402,-0.023024,0.111740,-0.110846,-0.029281,0.052897,-0.147015,-0.007835,0.066334,-0.201712,-0.017268,0.072604,-0.236162,-0.026325,0.077840,-0.268395,-0.033246,0.032440,-0.163189,-0.010318,0.041130,-0.232853,-0.018333,0.045891,-0.275939,-0.026703,0.049400,-0.314955,-0.033105,0.011487,-0.164440,-0.014491,0.016114,-0.230669,-0.022743,0.019434,-0.273769,-0.029538,0.022255,-0.313081,-0.034506,-0.010844,-0.153875,-0.019879,-0.011049,-0.204969,-0.027750,-0.011155,-0.238094,-0.030992,-0.011135,-0.270494,-0.032985,0.823606,-0.477403,-0.773261,-0.569657,0.039558,-1.041548,0.038510,-1.199236,0.035756,-0.874818,0.199404,-1.097695,-0.169804,-1.131869
PRUEBA_1,prueba,0,13,0.000000,0.000000,0.000000,-0.035560,-0.021983,-0.014236,-0.068461,-0.060532,-0.023032,-0.093981,-0.096226,-0.030727,-0.117461,-0.116588,-0.038391,-0.054997,-0.151901,-0.012658,-0.069682,-0.215992,-0.023916,-0.076583,-0.255724,-0.033389,-0.081570,-0.291591,-0.040589,-0.031966,-0.167871,-0.015146,-0.037315,-0.244351,-0.024291,-0.039398,-0.291007,-0.032389,-0.041642,-0.332351,-0.038624,-0.008959,-0.166692,-0.019794,-0.010047,-0.241164,-0.030765,-0.011675,-0.286243,-0.037379,-0.014469,-0.326052,-0.042041,0.014029,-0.152505,-0.025615,0.020396,-0.208602,-0.035717,0.023785,-0.245124,-0.039045,0.025109,-0.278968,-0.041137,0.000000,0.000000,0.000000,0.036041,-0.022526,-0.010601,0.066927,-0.059924,-0.016029,0.091334,-0.093357,-0.021640,0.112372,-0.113630,-0.027617,0.053384,-0.147446,-0.006270,0.066231,-0.202553,-0.015323,0.072146,-0.236977,-0.024284,0.077290,-0.269416,-0.031326,0.033162,-0.163378,-0.009188,0.041556,-0.232293,-0.017058,0.045949,-0.274891,-0.025810,0.049383,-0.313306,-0.032585,0.012069,-0.164127,-0.013835,0.016532,-0.229801,-0.022240,0.019659,-0.273841,-0.029555,0.022580,-0.314433,-0.034990,-0.010854,-0.152757,-0.019641,-0.011139,-0.203999,-0.027978,-0.011284,-0.238148,-0.031792,-0.011125,-0.272079,-0.034271,0.837143,-0.467886,-0.780100,-0.572204,0.039676,-1.042156,0.038439,-1.200734,0.035531,-0.874445,0.199274,-1.098560,-0.170860,-1.132326
PRUEBA_1,prueba,0,14,0.000000,0.000000,0.000000,-0.035893,-0.021721,-0.015342,-0.069026,-0.060214,-0.024609,-0.094662,-0.095764,-0.032566,-0.118078,-0.117176,-0.040387,-0.054811,-0.152306,-0.013636,-0.069777,-0.217055,-0.025093,-0.077065,-0.256894,-0.034689,-0.082307,-0.292874,-0.041974,-0.031903,-0.167964,-0.015654,-0.037589,-0.244530,-0.024981,-0.039666,-0.291193,-0.033016,-0.041800,-0.332981,-0.039201,-0.009148,-0.166575,-0.019956,-0.010981,-0.241576,-0.031092,-0.012471,-0.286781,-0.037572,-0.015073,-0.327412,-0.042184,0.013694,-0.152545,-0.025558,0.019451,-0.208378,-0.035906,0.022742,-0.244844,-0.039294,0.024254,-0.279353,-0.041425,0.000000,0.000000,0.000000,0.035979,-0.022599,-0.010403,0.066686,-0.060185,-0.015721,0.090978,-0.093769,-0.021249,0.111963,-0.114071,-0.027081,0.053237,-0.147961,-0.005838,0.066305,-0.203039,-0.014736,0.072238,-0.237486,-0.023589,0.077282,-0.269752,-0.030539,0.033008,-0.164062,-0.008811,0.041609,-0.233077,-0.016521,0.046086,-0.275548,-0.025136,0.049458,-0.313592,-0.031784,0.011925,-0.165066,-0.013511,0.016419,-0.230847,-0.021768,0.019583,-0.274855,-0.028948,0.022414,-0.314962,-0.034272,-0.010933,-0.153904,-0.019359,-0.011358,-0.205087,-0.027524,-0.011504,-0.239141,-0.031178,-0.011352,-0.272608,-0.033528,0.841718,-0.466810,-0.781168,-0.572348,0.040907,-1.043470,0.039643,-1.200446,0.036655,-0.874018,0.199656,-1.101045,-0.170102,-1.133528
PRUEBA_1,prueba,0,15,0.000000,0.000000,0.000000,-0.035664,-0.023821,-0.014498,-0.068201,-0.062599,-0.023653,-0.093450,-0.097913,-0.031680,-0.116845,-0.117649,-0.039769,-0.054467,-0.153093,-0.013624,-0.068557,-0.217482,-0.025341,-0.075260,-0.257404,-0.035114,-0.080342,-0.293622,-0.042569,-0.031207,-0.168625,-0.016312,-0.035803,-0.246148,-0.026105,-0.037758,-0.293253,-0.034653,-0.040448,-0.335134,-0.041213,-0.008197,-0.166604,-0.021158,-0.008401,-0.241722,-0.032954,-0.010023,-0.288635,-0.040335,-0.013284,-0.330234,-0.045501,0.014733,-0.151343,-0.027132,0.022021,-0.208205,-0.038078,0.025720,-0.246010,-0.042023,0.027077,-0.281209,-0.044571,0.000000,0.000000,0.000000,0.036560,-0.024915,-0.010217,0.066931,-0.064864,-0.015757,0.089766,-0.099604,-0.021539,0.110588,-0.120216,-0.027758,0.052876,-0.150021,-0.007574,0.064907,-0.207876,-0.016938,0.069788,-0.243675,-0.025626,0.073932,-0.276601,-0.032367,0.031982,-0.165669,-0.010711,0.039596,-0.236021,-0.018882,0.043110,-0.279481,-0.027366,0.045844,-0.318181,-0.033846,0.010093,-0.166406,-0.015418,0.013886,-0.234670,-0.023902,0.015794,-0.278310,-0.030856,0.017931,-0.318088,-0.035991,-0.013401,-0.154845,-0.021192,-0.014281,-0.206063,-0.029649,-0.014693,-0.240194,-0.033484,-0.014437,-0.273677,-0.035840,0.846561,-0.447493,-0.787612,-0.557606,0.041362,-1.024963,0.040045,-1.182861,0.036149,-0.855577,0.198942,-1.083034,-0.170986,-1.115782
PRUEBA_1,prueba,0,16,0.000000,0.000000,0.000000,-0.035380,-0.021667,-0.014464,-0.068744,-0.061733,-0.023134,-0.094351,-0.096340,-0.030663,-0.117588,-0.114978,-0.038232,-0.054349,-0.152930,-0.013103,-0.069284,-0.217395,-0.024233,-0.076432,-0.257093,-0.033635,-0.081506,-0.292957,-0.040871,-0.031415,-0.167990,-0.015573,-0.037080,-0.245165,-0.024707,-0.039180,-0.291966,-0.032795,-0.041481,-0.333852,-0.039097,-0.008518,-0.166069,-0.020229,-0.010619,-0.242196,-0.031428,-0.011946,-0.287774,-0.038333,-0.014529,-0.328890,-0.043312,0.014402,-0.151775,-0.026080,0.020099,-0.207975,-0.036705,0.023788,-0.245082,-0.040468,0.025770,-0.280762,-0.042950,0.000000,0.000000,0.000000,0.036064,-0.025530,-0.010536,0.066013,-0.065148,-0.016252,0.088972,-0.099899,-0.022162,0.109814,-0.120452,-0.028393,0.051035,-0.151535,-0.007155,0.063686,-0.208783,-0.016416,0.069134,-0.244592,-0.025304,0.073735,-0.277910,-0.032246,0.030140,-0.166732,-0.010170,0.037970,-0.237191,-0.018245,0.041839,-0.280949,-0.026937,0.044701,-0.320233,-0.033625,0.008717,-0.166818,-0.014817,0.011972,-0.234211,-0.023157,0.014485,-0.278511,-0.030280,0.016974,-0.318919,-0.035584,-0.014170,-0.154717,-0.020601,-0.015533,-0.206780,-0.028831,-0.015965,-0.241490,-0.032601,-0.015629,-0.275617,-0.035010,0.852271,-0.456587,-0.799439,-0.565422,0.036421,-1.032063,0.034900,-1.191054,0.031315,-0.858598,0.195414,-1.092276,-0.178645,-1.122638
PRUEBA_1,prueba,0,17,0.000000,0.000000,0.000000,-0.035164,-0.021911,-0.014790,-0.068487,-0.062017,-0.023552,-0.094166,-0.096692,-0.031125,-0.117604,-0.115207,-0.038743,-0.054364,-0.153424,-0.013316,-0.069270,-0.217852,-0.024721,-0.076558,-0.257775,-0.034341,-0.081883,-0.293808,-0.041753,-0.031466,-0.168676,-0.015673,-0.037184,-0.245134,-0.025125,-0.039285,-0.291717,-0.033456,-0.041659,-0.333446,-0.039928,-0.008601,-0.166940,-0.020257,-0.010801,-0.242287,-0.031776,-0.012195,-0.288003,-0.038839,-0.014883,-0.329139,-0.043887,0.014310,-0.152740,-0.026063,0.019941,-0.208707,-0.036954,0.023637,-0.245816,-0.040878,0.025584,-0.281253,-0.043461,0.000000,0.000000,0.000000,0.035771,-0.026119,-0.010081,0.065533,-0.066025,-0.015590,0.088492,-0.100422,-0.021375,0.109014,-0.120593,-0.027496,0.050336,-0.152259,-0.006529,0.063059,-0.208771,-0.015767,0.068731,-0.243988,-0.024758,0.073458,-0.276523,-0.031745,0.029586,-0.166956,-0.009767,0.037455,-0.236859,-0.017908,0.041412,-0.280681,-0.026767,0.044210,-0.319910,-0.033574,0.008324,-0.166733,-0.014644,0.011326,-0.233921,-0.023079,0.013942,-0.278392,-0.030438,0.016441,-0.318712,-0.035899,-0.014541,-0.154419,-0.020609,-0.016292,-0.206469,-0.028848,-0.016682,-0.241255,-0.032695,-0.016200,-0.275250,-0.035208,0.854064,-0.456434,-0.799094,-0.566745,0.036647,-1.032286,0.034725,-1.191359,0.031573,-0.856935,0.195340,-1.093869,-0.178964,-1.124164
PRUEBA_1,prueba,0,18,0.000000,0.000000,0.000000,-0.035419,-0.020952,-0.014475,-0.068742,-0.060575,-0.023020,-0.094226,-0.095108,-0.030411,-0.117478,-0.114144,-0.037839,-0.054643,-0.152481,-0.013028,-0.069595,-0.216839,-0.024150,-0.077008,-0.256513,-0.033531,-0.082414,-0.292342,-0.040763,-0.031828,-0.168392,-0.015417,-0.037856,-0.245140,-0.024539,-0.040341,-0.291744,-0.032665,-0.042977,-0.333378,-0.039008,-0.009004,-0.166971,-0.019987,-0.011284,-0.242400,-0.031147,-0.012806,-0.287835,-0.038085,-0.015522,-0.328791,-0.043099,0.013771,-0.152901,-0.025756,0.019170,-0.208746,-0.036343,0.022677,-0.245667,-0.040132,0.024651,-0.281081,-0.042635,0.000000,0.000000,0.000000,0.036063,-0.024572,-0.010205,0.066716,-0.064374,-0.015643,0.089561,-0.100127,-0.021339,0.110560,-0.121277,-0.027302,0.051180,-0.151177,-0.006026,0.065377,-0.207627,-0.015439,0.072524,-0.243295,-0.024520,0.078170,-0.276106,-0.031407,0.031068,-0.166845,-0.009082,0.040340,-0.236669,-0.017228,0.045053,-0.280552,-0.025907,0.047924,-0.319858,-0.032350,0.010093,-0.167916,-0.013829,0.014587,-0.236064,-0.022319,0.017615,-0.280400,-0.029334,0.019963,-0.320391,-0.034291,-0.012613,-0.156742,-0.019675,-0.013480,-0.209285,-0.027850,-0.013842,-0.243327,-0.031216,-0.013980,-0.276024,-0.033130,0.855344,-0.461639,-0.799312,-0.571708,0.047843,-1.025221,0.042012,-1.186401,0.038461,-0.849655,0.196639,-1.091410,-0.174888,-1.121332
PRUEBA_1,prueba,0,19,0.000000,0.000000,0.000000,-0.035773,-0.021257,-0.014925,-0.068729,-0.060912,-0.023753,-0.094331,-0.096579,-0.031483,-0.118122,-0.115920,-0.039248,-0.054690,-0.152847,-0.012616,-0.069549,-0.217049,-0.023994,-0.077069,-0.257187,-0.033752,-0.082611,-0.293682,-0.041284,-0.031856,-0.169227,-0.014988,-0.037945,-0.245977,-0.024333,-0.040287,-0.293025,-0.032824,-0.042685,-0.334867,-0.039392,-0.009078,-0.168250,-0.019636,-0.011252,-0.243258,-0.030904,-0.013049,-0.289379,-0.037946,-0.015900,-0.330441,-0.042989,0.013680,-0.154310,-0.025559,0.019491,-0.209782,-0.035978,0.022954,-0.246923,-0.039631,0.024791,-0.281684,-0.042049,0.000000,0.000000,0.000000,0.035704,-0.022870,-0.011118,0.066311,-0.062452,-0.016814,0.089447,-0.098274,-0.022506,0.110326,-0.119099,-0.028437,0.051591,-0.150924,-0.007365,0.065452,-0.207277,-0.016709,0.072334,-0.242502,-0.025738,0.078004,-0.275042,-0.032691,0.031240,-0.166538,-0.009960,0.040057,-0.236881,-0.017972,0.044620,-0.280532,-0.026645,0.047697,-0.319480,-0.033272,0.010302,-0.167187,-0.014254,0.014352,-0.234987,-0.022654,0.017350,-0.279475,-0.029928,0.019911,-0.319531,-0.035265,-0.012358,-0.155591,-0.019721,-0.013715,-0.207903,-0.027943,-0.013989,-0.242294,-0.031693,-0.013665,-0.275516,-0.034065,0.858909,-0.453761,-0.803489,-0.577872,0.057176,-1.020637,0.048940,-1.183261,0.045447,-0.839430,0.196525,-1.092251,-0.173690,-1.114620
PRUEBA_1,prueba,0,20,0.000000,0.000000,0.000000,-0.035242,-0.023735,-0.013775,-0.069059,-0.064455,-0.022251,-0.095302,-0.100328,-0.029790,-0.119185,-0.118811,-0.037440,-0.055125,-0.155835,-0.012417,-0.069237,-0.220172,-0.023754,-0.076185,-0.260649,-0.033309,-0.081132,-0.297379,-0.040774,-0.031819,-0.171715,-0.015464,-0.036923,-0.249353,-0.025119,-0.038581,-0.297323,-0.033708,-0.040496,-0.339294,-0.040316,-0.008503,-0.169820,-0.020658,-0.009011,-0.245860,-0.032772,-0.009680,-0.293453,-0.040694,-0.011901,-0.335077,-0.046204,0.015016,-0.154584,-0.026885,0.023013,-0.212104,-0.038294,0.027809,-0.250176,-0.042787,0.030127,-0.285190,-0.045748,0.000000,0.000000,0.000000,0.036319,-0.023112,-0.010989,0.067427,-0.063026,-0.016367,0.090846,-0.098387,-0.021785,0.111671,-0.119184,-0.027558,0.053223,-0.151480,-0.006883,0.066212,-0.207684,-0.015963,0.072497,-0.242556,-0.024912,0.077962,-0.274946,-0.031996,0.032390,-0.166828,-0.009642,0.040308,-0.236402,-0.017658,0.044454,-0.280033,-0.026617,0.047723,-0.319354,-0.033611,0.010922,-0.167128,-0.014148,0.015150,-0.234810,-0.022842,0.018028,-0.279497,-0.030588,0.020885,-0.320487,-0.036352,-0.012326,-0.155354,-0.019791,-0.013697,-0.207619,-0.028652,-0.014098,-0.242239,-0.032991,-0.013656,-0.276462,-0.035844,0.867189,-0.442065,-0.811530,-0.577374,0.086100,-0.986587,0.073346,-1.162290,0.072479,-0.795673,0.206960,-1.083628,-0.163845,-1.098576
PRUEBA_1,prueba,0,21,0.000000,0.000000,0.000000,-0.036392,-0.023250,-0.014834,-0.069851,-0.063800,-0.023759,-0.095590,-0.099480,-0.031513,-0.119388,-0.119462,-0.039242,-0.054585,-0.158089,-0.012643,-0.069353,-0.222395,-0.023849,-0.076888,-0.262367,-0.033505,-0.082343,-0.298430,-0.041043,-0.031225,-0.173309,-0.015118,-0.036493,-0.251077,-0.024394,-0.038511,-0.298202,-0.032746,-0.040758,-0.340172,-0.039258,-0.008044,-0.170751,-0.019885,-0.009466,-0.247541,-0.031413,-0.010592,-0.293798,-0.038593,-0.012937,-0.335425,-0.043780,0.015181,-0.154948,-0.025876,0.022094,-0.211182,-0.036890,0.026296,-0.248585,-0.040924,0.028631,-0.284448,-0.043603,0.000000,0.000000,0.000000,0.036275,-0.022998,-0.011331,0.067197,-0.063268,-0.016967,0.090629,-0.098858,-0.022598,0.111836,-0.119582,-0.028544,0.052775,-0.151384,-0.007274,0.065940,-0.207642,-0.016568,0.072408,-0.242643,-0.025640,0.078092,-0.275169,-0.032778,0.032087,-0.166945,-0.009911,0.040231,-0.236673,-0.018077,0.044448,-0.280309,-0.027046,0.047747,-0.319649,-0.033995,0.010697,-0.167527,-0.014318,0.015001,-0.235595,-0.023132,0.017927,-0.280256,-0.030830,0.020858,-0.321055,-0.036505,-0.012484,-0.156064,-0.019893,-0.014008,-0.208578,-0.028781,-0.014374,-0.243201,-0.033080,-0.013783,-0.277128,-0.035863,0.864170,-0.439949,-0.810423,-0.573412,0.093478,-0.973037,0.079425,-1.150611,0.077762,-0.784788,0.214640,-1.071697,-0.160199,-1.088725
PRUEBA_1,prueba,0,22,0.000000,0.000000,0.000000,-0.036383,-0.023633,-0.014987,-0.069641,-0.064310,-0.024093,-0.095425,-0.100563,-0.032121,-0.119532,-0.120319,-0.040213,-0.054572,-0.157400,-0.012962,-0.068912,-0.222289,-0.024629,-0.076264,-0.262482,-0.034564,-0.081584,-0.299277,-0.042241,-0.030964,-0.172538,-0.015577,-0.036139,-0.250407,-0.025286,-0.038046,-0.297977,-0.033891,-0.040150,-0.340935,-0.040538,-0.007461,-0.170112,-0.020504,-0.008995,-0.246396,-0.032267,-0.010270,-0.293055,-0.039388,-0.012774,-0.335217,-0.044433,0.015962,-0.154749,-0.026688,0.022173,-0.211821,-0.037493,0.025985,-0.249436,-0.041166,0.027955,-0.285190,-0.043585,0.000000,0.000000,0.000000,0.036574,-0.023437,-0.010555,0.067336,-0.064562,-0.015715,0.090310,-0.100765,-0.021021,0.111431,-0.120478,-0.026627,0.052613,-0.152124,-0.006120,0.066390,-0.208562,-0.015083,0.072926,-0.243974,-0.024022,0.078297,-0.276815,-0.031034,0.031928,-0.167981,-0.008966,0.040585,-0.238491,-0.016739,0.044848,-0.282748,-0.025542,0.047778,-0.322502,-0.032311,0.010590,-0.168915,-0.013492,0.015045,-0.237192,-0.021792,0.018006,-0.282172,-0.029199,0.020557,-0.323049,-0.034655,-0.012542,-0.157600,-0.019144,-0.013378,-0.210320,-0.027416,-0.013492,-0.245051,-0.031215,-0.012964,-0.278628,-0.033623,0.865054,-0.441915,-0.814724,-0.573756,0.114133,-0.946697,0.099372,-1.134482,0.098869,-0.748836,0.219835,-1.065244,-0.149980,-1.077871
PRUEBA_1,prueba,0,23,0.000000,0.000000,0.000000,-0.036568,-0.023019,-0.015148,-0.069253,-0.063882,-0.024176,-0.094798,-0.100407,-0.032083,-0.118907,-0.120149,-0.040053,-0.054724,-0.157010,-0.012652,-0.068994,-0.222245,-0.023975,-0.076569,-0.262565,-0.033720,-0.082194,-0.299221,-0.041332,-0.031105,-0.172366,-0.015186,-0.035864,-0.250167,-0.024791,-0.037709,-0.297603,-0.033461,-0.039856,-0.340297,-0.040173,-0.007691,-0.169889,-0.020050,-0.009121,-0.247061,-0.031965,-0.010343,-0.293709,-0.039387,-0.012821,-0.336138,-0.044649,0.015403,-0.154253,-0.026151,0.021901,-0.211680,-0.037309,0.025962,-0.249544,-0.041332,0.028346,-0.285874,-0.043991,0.000000,0.000000,0.000000,0.036121,-0.024234,-0.010749,0.066595,-0.064479,-0.016512,0.089281,-0.100015,-0.022480,0.110340,-0.120797,-0.028761,0.051309,-0.151446,-0.007229,0.065324,-0.207108,-0.017089,0.072390,-0.242171,-0.026526,0.077944,-0.274884,-0.033754,0.031204,-0.166850,-0.010367,0.040431,-0.237721,-0.018990,0.044903,-0.282436,-0.028054,0.047464,-0.322254,-0.034902,0.010266,-0.167369,-0.015220,0.014574,-0.236617,-0.024321,0.017662,-0.281810,-0.031943,0.020067,-0.322644,-0.037416,-0.012541,-0.155785,-0.021184,-0.013838,-0.209006,-0.029994,-0.014109,-0.244019,-0.033972,-0.014012,-0.277666,-0.036472,0.860798,-0.431744,-0.811714,-0.565848,0.130241,-0.939520,0.112960,-1.126767,0.111677,-0.743953,0.228562,-1.058993,-0.139301,-1.070000
PRUEBA_1,prueba,0,24,0.000000,0.000000,0.000000,-0.036319,-0.022319,-0.015612,-0.068883,-0.062263,-0.024974,-0.094415,-0.098733,-0.033063,-0.118620,-0.118710,-0.041140,-0.054974,-0.156050,-0.013475,-0.069345,-0.221426,-0.024842,-0.076723,-0.261766,-0.034553,-0.082138,-0.298591,-0.042152,-0.031443,-0.171491,-0.015738,-0.036362,-0.249326,-0.025253,-0.038159,-0.296576,-0.033792,-0.040283,-0.339281,-0.040475,-0.008092,-0.168839,-0.020333,-0.009529,-0.245954,-0.032161,-0.010596,-0.292464,-0.039534,-0.012990,-0.335005,-0.044840,0.014989,-0.153173,-0.026200,0.021524,-0.210199,-0.037458,0.025571,-0.247830,-0.041597,0.027884,-0.284232,-0.044348,0.000000,0.000000,0.000000,0.036031,-0.023851,-0.010955,0.066379,-0.064614,-0.016683,0.089230,-0.100369,-0.022516,0.110193,-0.120960,-0.028665,0.051451,-0.151674,-0.007436,0.064923,-0.207600,-0.017085,0.071794,-0.242336,-0.026377,0.077436,-0.274669,-0.033522,0.030929,-0.167168,-0.010343,0.039630,-0.238116,-0.018785,0.044163,-0.282285,-0.027752,0.047215,-0.321573,-0.034545,0.009637,-0.167657,-0.014963,0.013656,-0.236712,-0.023863,0.016794,-0.282102,-0.031502,0.019654,-0.323154,-0.037022,-0.013458,-0.155861,-0.020709,-0.014362,-0.209371,-0.029357,-0.014400,-0.244468,-0.033367,-0.013702,-0.278395,-0.035916,0.858773,-0.436454,-0.814787,-0.567742,0.132522,-0.931737,0.115483,-1.122897,0.116548,-0.732297,0.227918,-1.058258,-0.136703,-1.065782
PRUEBA_1,prueba,0,25,0.000000,0.000000,0.000000,-0.036580,-0.021908,-0.015604,-0.069457,-0.062311,-0.024978,-0.094717,-0.099349,-0.033026,-0.118926,-0.119713,-0.041121,-0.055025,-0.157650,-0.013907,-0.069077,-0.222811,-0.025493,-0.076590,-0.263327,-0.035435,-0.082283,-0.299929,-0.043210,-0.031384,-0.172703,-0.016325,-0.036210,-0.250399,-0.026052,-0.038023,-0.297786,-0.034825,-0.040211,-0.340297,-0.041654,-0.007971,-0.169677,-0.021050,-0.009088,-0.246734,-0.033105,-0.010189,-0.293588,-0.040720,-0.012715,-0.336224,-0.046174,0.015239,-0.153416,-0.027009,0.022101,-0.210752,-0.038436,0.026223,-0.248343,-0.042680,0.028501,-0.284532,-0.045505,0.000000,0.000000,0.000000,0.036312,-0.023223,-0.010966,0.066816,-0.063506,-0.016501,0.089950,-0.098803,-0.022152,0.111012,-0.118223,-0.028236,0.052547,-0.150251,-0.007293,0.065950,-0.206115,-0.016902,0.072731,-0.241125,-0.026170,0.078333,-0.273517,-0.033346,0.032053,-0.165915,-0.010176,0.041058,-0.236661,-0.018700,0.045777,-0.281076,-0.027850,0.049071,-0.320556,-0.034798,0.010722,-0.166272,-0.014786,0.014948,-0.235230,-0.023937,0.018077,-0.280865,-0.031963,0.020881,-0.322137,-0.037743,-0.012608,-0.154337,-0.020493,-0.013581,-0.207708,-0.029520,-0.013769,-0.242963,-0.033883,-0.013340,-0.277331,-0.036698,0.858439,-0.426242,-0.818913,-0.569059,0.149131,-0.931743,0.130155,-1.121242,0.128309,-0.733810,0.240899,-1.055431,-0.126506,-1.064326
PRUEBA_1,prueba,0,26,0.000000,0.000000,0.000000,-0.037185,-0.023578,-0.015030,-0.069950,-0.064838,-0.024326,-0.095075,-0.101355,-0.032473,-0.119156,-0.121102,-0.040750,-0.054571,-0.159714,-0.013311,-0.068478,-0.224859,-0.025110,-0.075750,-0.265505,-0.035246,-0.081109,-0.302065,-0.043124,-0.030620,-0.174091,-0.016150,-0.035204,-0.251644,-0.026210,-0.036692,-0.299285,-0.035293,-0.038393,-0.341994,-0.042280,-0.007001,-0.170481,-0.021295,-0.007583,-0.247654,-0.033669,-0.008335,-0.294829,-0.041557,-0.010549,-0.337772,-0.047141,0.016217,-0.153743,-0.027605,0.023606,-0.210961,-0.039143,0.027836,-0.248794,-0.043454,0.030176,-0.285345,-0.046327,0.000000,0.000000,0.000000,0.036234,-0.023091,-0.011476,0.067212,-0.063393,-0.017174,0.090393,-0.098788,-0.022887,0.111693,-0.118980,-0.028982,0.052838,-0.150550,-0.007471,0.066029,-0.206384,-0.017056,0.072720,-0.241178,-0.026345,0.078494,-0.273579,-0.033586,0.032236,-0.166447,-0.010138,0.040882,-0.236940,-0.018623,0.045371,-0.281169,-0.027868,0.048623,-0.320755,-0.034924,0.010922,-0.166933,-0.014581,0.015152,-0.235464,-0.023777,0.018198,-0.280944,-0.031882,0.021037,-0.322371,-0.037746,-0.012321,-0.155131,-0.020175,-0.013477,-0.208067,-0.029268,-0.013820,-0.242854,-0.033703,-0.013436,-0.276855,-0.036578,0.857188,-0.417457,-0.823977,-0.567933,0.156340,-0.933456,0.136900,-1.122563,0.134404,-0.736107,0.246432,-1.056221,-0.117821,-1.066108
PRUEBA_1,prueba,0,27,0.000000,0.000000,0.000000,-0.036840,-0.023326,-0.015405,-0.069573,-0.064371,-0.024809,-0.094833,-0.100853,-0.032968,-0.119049,-0.120270,-0.041204,-0.054307,-0.158998,-0.013617,-0.068250,-0.224397,-0.025259,-0.075616,-0.265074,-0.035229,-0.081055,-0.301596,-0.043030,-0.030518,-0.173293,-0.016174,-0.035167,-0.250776,-0.026077,-0.036703,-0.298136,-0.034921,-0.038407,-0.340539,-0.041797,-0.007047,-0.169616,-0.021076,-0.007767,-0.246769,-0.033293,-0.008368,-0.293882,-0.041027,-0.010351,-0.336973,-0.046594,0.016064,-0.152985,-0.027194,0.023453,-0.209868,-0.038718,0.027811,-0.247840,-0.043106,0.030358,-0.284861,-0.046085,0.000000,0.000000,0.000000,0.036231,-0.023090,-0.011416,0.067239,-0.063440,-0.017062,0.090640,-0.098882,-0.022731,0.111927,-0.119244,-0.028774,0.052954,-0.150470,-0.007358,0.066161,-0.206355,-0.016866,0.072827,-0.241190,-0.026083,0.078592,-0.273574,-0.033277,0.032347,-0.166483,-0.010020,0.040941,-0.237050,-0.018451,0.045453,-0.281238,-0.027644,0.048772,-0.320780,-0.034662,0.011016,-0.167104,-0.014455,0.015220,-0.235619,-0.023605,0.018249,-0.281122,-0.031679,0.021108,-0.322549,-0.037526,-0.012216,-0.155457,-0.020037,-0.013353,-0.208324,-0.029091,-0.013703,-0.243117,-0.033518,-0.013297,-0.277114,-0.036388,0.856390,-0.416261,-0.827097,-0.564375,0.164150,-0.931151,0.143840,-1.121017,0.140502,-0.734939,0.251630,-1.053780,-0.114494,-1.066154
PRUEBA_1,prueba,0,28,0.000000,0.000000,0.000000,-0.036745,-0.024272,-0.016364,-0.070219,-0.064845,-0.026056,-0.096164,-0.100804,-0.034369,-0.119826,-0.123082,-0.042607,-0.055118,-0.161945,-0.013584,-0.068761,-0.226769,-0.025498,-0.076109,-0.267313,-0.035919,-0.081704,-0.303904,-0.044014,-0.031057,-0.176968,-0.015851,-0.035262,-0.253748,-0.025933,-0.036719,-0.301220,-0.035134,-0.038474,-0.343917,-0.042160,-0.007342,-0.173768,-0.020622,-0.007492,-0.250680,-0.033207,-0.008084,-0.297709,-0.041284,-0.010244,-0.340469,-0.046891,0.016089,-0.156950,-0.026699,0.023774,-0.213745,-0.038564,0.028530,-0.250662,-0.043044,0.031199,-0.285969,-0.045908,0.000000,0.000000,0.000000,0.036547,-0.022722,-0.010853,0.067511,-0.063316,-0.016100,0.090698,-0.099422,-0.021502,0.111934,-0.119120,-0.027307,0.053164,-0.149906,-0.006594,0.067045,-0.205846,-0.015922,0.073822,-0.240812,-0.024975,0.079290,-0.273463,-0.032031,0.032904,-0.166193,-0.009481,0.042361,-0.237040,-0.017751,0.046715,-0.281701,-0.026784,0.049390,-0.321465,-0.033599,0.011747,-0.167124,-0.014101,0.016181,-0.236275,-0.023066,0.019191,-0.281880,-0.030918,0.021650,-0.323120,-0.036569,-0.011509,-0.155694,-0.019818,-0.012683,-0.208523,-0.028623,-0.012938,-0.243265,-0.032734,-0.012655,-0.277050,-0.035351,0.862627,-0.391251,-0.826521,-0.559314,0.175953,-0.930549,0.155470,-1.120101,0.148668,-0.734595,0.261743,-1.051431,-0.106628,-1.066841
PRUEBA_1,prueba,0,29,0.000000,0.000000,0.000000,-0.035751,-0.025316,-0.014125,-0.069828,-0.068699,-0.022542,-0.096039,-0.105164,-0.029964,-0.120033,-0.123839,-0.037603,-0.053249,-0.165365,-0.012061,-0.067676,-0.229962,-0.023122,-0.074692,-0.270345,-0.032825,-0.079706,-0.306719,-0.040482,-0.029331,-0.179526,-0.015098,-0.033339,-0.257487,-0.024407,-0.034266,-0.304797,-0.033168,-0.035509,-0.346650,-0.039928,-0.005653,-0.175479,-0.020365,-0.005144,-0.252431,-0.032142,-0.005917,-0.299565,-0.040139,-0.008313,-0.341695,-0.045808,0.017574,-0.157735,-0.026735,0.026108,-0.214980,-0.037866,0.030888,-0.252395,-0.042223,0.033279,-0.287606,-0.045140,0.000000,0.000000,0.000000,0.036483,-0.022427,-0.010783,0.067851,-0.062858,-0.015981,0.091064,-0.098013,-0.021371,0.112652,-0.116463,-0.027133,0.054487,-0.148676,-0.006548,0.069070,-0.204115,-0.016090,0.076262,-0.239400,-0.025228,0.081901,-0.271890,-0.032173,0.034185,-0.165242,-0.009398,0.044277,-0.234977,-0.017846,0.049458,-0.279231,-0.026703,0.052882,-0.318931,-0.033249,0.012789,-0.167046,-0.014011,0.017959,-0.235103,-0.022928,0.021999,-0.278286,-0.030172,0.025562,-0.317159,-0.035228,-0.010594,-0.157205,-0.019776,-0.011189,-0.209581,-0.028348,-0.011116,-0.243328,-0.031953,-0.010550,-0.276004,-0.034057,0.862637,-0.366374,-0.821485,-0.557908,0.184113,-0.925472,0.165736,-1.115457,0.153371,-0.734872,0.274767,-1.043765,-0.097789,-1.064582
PRUEBA_1,prueba,0,30,0.000000,0.000000,0.000000,-0.035545,-0.026001,-0.014753,-0.069546,-0.068118,-0.023585,-0.095634,-0.103591,-0.031273,-0.119058,-0.122708,-0.039066,-0.052914,-0.163982,-0.012937,-0.067255,-0.229189,-0.024135,-0.074406,-0.269924,-0.033803,-0.079580,-0.306631,-0.041396,-0.028985,-0.178247,-0.015530,-0.032900,-0.256352,-0.024721,-0.033868,-0.303574,-0.033042,-0.035132,-0.345249,-0.039600,-0.005398,-0.174449,-0.020410,-0.004765,-0.250750,-0.031841,-0.005483,-0.297409,-0.039233,-0.007767,-0.339107,-0.044603,0.017909,-0.157052,-0.026522,0.026663,-0.213503,-0.037272,0.031759,-0.250761,-0.041331,0.034581,-0.286001,-0.044119,0.000000,0.000000,0.000000,0.037173,-0.022167,-0.010307,0.068908,-0.060909,-0.015350,0.092092,-0.095440,-0.020672,0.113391,-0.115565,-0.026305,0.055641,-0.146968,-0.005638,0.070702,-0.202302,-0.014753,0.077709,-0.237373,-0.023552,0.083139,-0.269860,-0.030280,0.035192,-0.163770,-0.008498,0.045824,-0.232520,-0.016559,0.051263,-0.275544,-0.025164,0.054996,-0.314298,-0.031519,0.013676,-0.165836,-0.013080,0.020066,-0.233816,-0.021731,0.024116,-0.277368,-0.028794,0.027648,-0.316626,-0.033693,-0.009656,-0.156058,-0.018745,-0.009336,-0.208261,-0.027272,-0.009122,-0.241932,-0.030786,-0.008486,-0.274122,-0.032682,0.867066,-0.366596,-0.818699,-0.574734,0.186378,-0.925304,0.168142,-1.114791,0.156067,-0.734599,0.278998,-1.042710,-0.092622,-1.067461
PRUEBA_1,prueba,0,31,0.000000,0.000000,0.000000,-0.035915,-0.025602,-0.014872,-0.069722,-0.068758,-0.023429,-0.095745,-0.104443,-0.030797,-0.119233,-0.122845,-0.038258,-0.051765,-0.163723,-0.012645,-0.066457,-0.229140,-0.023467,-0.074190,-0.269744,-0.032851,-0.079876,-0.306122,-0.040266,-0.027972,-0.177701,-0.015013,-0.031996,-0.256275,-0.023887,-0.033171,-0.303956,-0.031966,-0.034387,-0.346232,-0.038343,-0.004624,-0.173781,-0.019695,-0.004575,-0.250684,-0.030861,-0.005383,-0.296739,-0.038059,-0.007499,-0.338279,-0.043300,0.018394,-0.156593,-0.025634,0.026878,-0.212894,-0.036233,0.031965,-0.250005,-0.040213,0.035061,-0.285588,-0.042947,0.000000,0.000000,0.000000,0.036769,-0.022291,-0.010224,0.067886,-0.061585,-0.015379,0.091075,-0.095587,-0.020796,0.112230,-0.115783,-0.026512,0.054986,-0.147415,-0.006065,0.069527,-0.203561,-0.015151,0.076443,-0.238337,-0.023855,0.081976,-0.270579,-0.030518,0.034774,-0.164208,-0.009048,0.045673,-0.233610,-0.016946,0.051267,-0.277145,-0.025423,0.055022,-0.315994,-0.031752,0.013285,-0.166328,-0.013729,0.019680,-0.234568,-0.022205,0.023963,-0.278682,-0.029291,0.027475,-0.318156,-0.034309,-0.010163,-0.156436,-0.019482,-0.009822,-0.209085,-0.027904,-0.009620,-0.243189,-0.031460,-0.009126,-0.275724,-0.033491,0.864141,-0.361788,-0.817783,-0.569038,0.187674,-0.926526,0.169013,-1.114989,0.156743,-0.739588,0.280292,-1.039851,-0.089151,-1.069235
PRUEBA_1,prueba,0,32,0.000000,0.000000,0.000000,-0.035779,-0.024479,-0.015908,-0.069310,-0.066396,-0.025434,-0.095275,-0.102992,-0.033754,-0.118872,-0.123716,-0.042236,-0.052974,-0.163875,-0.014208,-0.066927,-0.228733,-0.026284,-0.074251,-0.269220,-0.036610,-0.079560,-0.306258,-0.044637,-0.028210,-0.178465,-0.016749,-0.031462,-0.255518,-0.027007,-0.032306,-0.303156,-0.036228,-0.033396,-0.346084,-0.043298,-0.004070,-0.174396,-0.021675,-0.003129,-0.249911,-0.034397,-0.003004,-0.295972,-0.042538,-0.004552,-0.337846,-0.048127,0.019278,-0.156711,-0.027854,0.028202,-0.213405,-0.039583,0.033762,-0.249772,-0.043948,0.036998,-0.284293,-0.046757,0.000000,0.000000,0.000000,0.037233,-0.021640,-0.010637,0.068722,-0.061971,-0.015381,0.091849,-0.097005,-0.020258,0.113258,-0.115368,-0.025307,0.057408,-0.150325,-0.005092,0.073166,-0.205114,-0.013963,0.080940,-0.240078,-0.022916,0.086999,-0.271948,-0.029713,0.037342,-0.166924,-0.007470,0.048680,-0.233308,-0.014773,0.054181,-0.276236,-0.023012,0.057942,-0.315034,-0.029288,0.016143,-0.169323,-0.011646,0.024463,-0.235077,-0.019329,0.029242,-0.276178,-0.025620,0.033034,-0.312345,-0.030157,-0.007325,-0.159938,-0.017053,-0.006240,-0.210143,-0.024609,-0.004700,-0.242628,-0.027529,-0.003024,-0.273432,-0.029114,0.873672,-0.338915,-0.818287,-0.570019,0.185415,-0.934949,0.168668,-1.122849,0.154675,-0.747609,0.280545,-1.044198,-0.088406,-1.085818
PRUEBA_1,prueba,0,33,0.000000,0.000000,0.000000,-0.036461,-0.023039,-0.017361,-0.069831,-0.063877,-0.027622,-0.096058,-0.099803,-0.036307,-0.119909,-0.121472,-0.045045,-0.053283,-0.163239,-0.015640,-0.067809,-0.229083,-0.028039,-0.075048,-0.270171,-0.038611,-0.079978,-0.307958,-0.046801,-0.028612,-0.178170,-0.017542,-0.032499,-0.255583,-0.027900,-0.033508,-0.303392,-0.037255,-0.034565,-0.347390,-0.044492,-0.004577,-0.173988,-0.021918,-0.004457,-0.249989,-0.034689,-0.004449,-0.296514,-0.042843,-0.005836,-0.339707,-0.048580,0.018780,-0.155757,-0.027683,0.026519,-0.211950,-0.039795,0.032161,-0.247930,-0.044296,0.035911,-0.282674,-0.047206,0.000000,0.000000,0.000000,0.037847,-0.021008,-0.011598,0.069737,-0.060249,-0.017055,0.092914,-0.096250,-0.022524,0.115144,-0.114827,-0.028118,0.058549,-0.149354,-0.006156,0.074934,-0.204558,-0.015613,0.083031,-0.239617,-0.024881,0.089712,-0.271929,-0.031888,0.038453,-0.166663,-0.008432,0.050390,-0.234164,-0.016356,0.056860,-0.277738,-0.024852,0.061992,-0.317454,-0.031242,0.017140,-0.169438,-0.012610,0.025605,-0.235495,-0.021001,0.031433,-0.276539,-0.027530,0.036814,-0.313140,-0.032114,-0.006277,-0.160128,-0.018082,-0.005221,-0.210612,-0.026210,-0.003597,-0.242819,-0.029271,-0.001720,-0.273361,-0.030881,0.877176,-0.326883,-0.814711,-0.569246,0.183458,-0.938264,0.168101,-1.124684,0.154134,-0.749782,0.278961,-1.044142,-0.086746,-1.090008
PRUEBA_1,prueba,0,34,0.000000,0.000000,0.000000,-0.036710,-0.024107,-0.016619,-0.069746,-0.064765,-0.026719,-0.095740,-0.100646,-0.035386,-0.119865,-0.120657,-0.044116,-0.053157,-0.162190,-0.015138,-0.067336,-0.227962,-0.027382,-0.074524,-0.269123,-0.037781,-0.079630,-0.306875,-0.045933,-0.028476,-0.176797,-0.017371,-0.032469,-0.254313,-0.027652,-0.033481,-0.302040,-0.036916,-0.034647,-0.345983,-0.044159,-0.004444,-0.172403,-0.022006,-0.004558,-0.248406,-0.034809,-0.004689,-0.295468,-0.043030,-0.006242,-0.339277,-0.048878,0.018984,-0.154137,-0.027939,0.027039,-0.210045,-0.040152,0.032286,-0.246690,-0.044845,0.035489,-0.282497,-0.047957,0.000000,0.000000,0.000000,0.037543,-0.021555,-0.011659,0.069357,-0.060636,-0.017415,0.092955,-0.096518,-0.023210,0.115523,-0.115332,-0.029143,0.058987,-0.150569,-0.006410,0.075226,-0.206367,-0.015897,0.083086,-0.241639,-0.025223,0.089766,-0.274145,-0.032371,0.038788,-0.167987,-0.008788,0.050495,-0.236033,-0.016737,0.056779,-0.279117,-0.025307,0.061749,-0.318022,-0.031802,0.017396,-0.170458,-0.013046,0.025603,-0.236831,-0.021424,0.031608,-0.278824,-0.028044,0.037136,-0.316439,-0.032811,-0.006210,-0.160470,-0.018601,-0.005239,-0.210977,-0.026845,-0.003524,-0.243490,-0.030039,-0.001529,-0.274297,-0.031779,0.876008,-0.332028,-0.814968,-0.568809,0.182174,-0.939323,0.167423,-1.125436,0.153657,-0.751242,0.278104,-1.044957,-0.086706,-1.091243
PRUEBA_1,prueba,0,35,0.000000,0.000000,0.000000,-0.036984,-0.023180,-0.016719,-0.070314,-0.064816,-0.026753,-0.096575,-0.101561,-0.035317,-0.121025,-0.123459,-0.043906,-0.053455,-0.164483,-0.014991,-0.067946,-0.231047,-0.027094,-0.075589,-0.272183,-0.037447,-0.081181,-0.309988,-0.045582,-0.028746,-0.179531,-0.017268,-0.032553,-0.257669,-0.027602,-0.033598,-0.305903,-0.036996,-0.035094,-0.350251,-0.044270,-0.004620,-0.175549,-0.021957,-0.004226,-0.252379,-0.034860,-0.004098,-0.299985,-0.043284,-0.005853,-0.344190,-0.049208,0.018741,-0.157690,-0.027935,0.027202,-0.215055,-0.040184,0.032745,-0.252412,-0.044936,0.035926,-0.288589,-0.048049,0.000000,0.000000,0.000000,0.038649,-0.019190,-0.012164,0.071368,-0.054588,-0.017969,0.095143,-0.088973,-0.023736,0.117488,-0.106078,-0.029695,0.062036,-0.147923,-0.006526,0.078845,-0.203291,-0.016121,0.087149,-0.238552,-0.025631,0.094129,-0.271033,-0.032895,0.041528,-0.165407,-0.008574,0.054030,-0.233250,-0.016722,0.060590,-0.276140,-0.025507,0.065840,-0.314605,-0.032118,0.019844,-0.167704,-0.012549,0.029805,-0.234425,-0.021398,0.035855,-0.276152,-0.028354,0.041222,-0.312985,-0.033195,-0.004089,-0.157800,-0.017830,-0.002053,-0.208541,-0.026564,-0.000081,-0.240956,-0.030043,0.002072,-0.271916,-0.031870,0.876870,-0.314884,-0.810146,-0.589293,0.180137,-0.941062,0.166575,-1.126912,0.153054,-0.753194,0.277487,-1.044516,-0.087685,-1.095231
PRUEBA_1,prueba,0,36,0.000000,0.000000,0.000000,-0.037543,-0.022583,-0.016779,-0.071358,-0.063681,-0.027142,-0.097963,-0.099720,-0.036032,-0.123175,-0.121074,-0.045013,-0.053991,-0.162909,-0.016031,-0.068969,-0.229622,-0.028437,-0.076741,-0.270562,-0.038837,-0.082174,-0.308254,-0.046875,-0.029050,-0.177845,-0.018363,-0.033027,-0.257204,-0.028838,-0.033777,-0.305933,-0.038048,-0.034724,-0.350942,-0.045136,-0.004616,-0.173705,-0.023028,-0.004548,-0.251499,-0.035869,-0.004300,-0.299085,-0.043896,-0.005701,-0.343750,-0.049528,0.019201,-0.155555,-0.028994,0.027058,-0.213387,-0.041059,0.032594,-0.250324,-0.045347,0.035990,-0.286142,-0.048088,0.000000,0.000000,0.000000,0.038379,-0.019472,-0.011787,0.070152,-0.056627,-0.017871,0.093824,-0.090869,-0.024013,0.116939,-0.108525,-0.030396,0.060709,-0.149578,-0.007711,0.077918,-0.205691,-0.017818,0.086880,-0.241434,-0.027398,0.094534,-0.274524,-0.034729,0.040531,-0.166890,-0.010295,0.053272,-0.234977,-0.018976,0.060711,-0.278655,-0.027960,0.066600,-0.318460,-0.034736,0.018844,-0.168679,-0.014688,0.027621,-0.235380,-0.023893,0.034163,-0.278500,-0.031014,0.040103,-0.317738,-0.036091,-0.005124,-0.158280,-0.020313,-0.003496,-0.208961,-0.029261,-0.001176,-0.241633,-0.032836,0.001329,-0.272848,-0.034853,0.875816,-0.313681,-0.802853,-0.584772,0.168385,-0.944148,0.161872,-1.128934,0.145048,-0.758007,0.276674,-1.045258,-0.088399,-1.097621
PRUEBA_1,prueba,0,37,0.000000,0.000000,0.000000,-0.037388,-0.022065,-0.016460,-0.070962,-0.063268,-0.026704,-0.097244,-0.099920,-0.035492,-0.122583,-0.120682,-0.044400,-0.054116,-0.161636,-0.016527,-0.068576,-0.229178,-0.028926,-0.075948,-0.270655,-0.039159,-0.081215,-0.308729,-0.047073,-0.029075,-0.176697,-0.018941,-0.032867,-0.256413,-0.029329,-0.033528,-0.305306,-0.038351,-0.034625,-0.350308,-0.045345,-0.004622,-0.172656,-0.023590,-0.004301,-0.250663,-0.036396,-0.004113,-0.298402,-0.044418,-0.005786,-0.343203,-0.050087,0.019167,-0.154617,-0.029480,0.027604,-0.212517,-0.041697,0.033204,-0.249720,-0.046142,0.036450,-0.285791,-0.048997,0.000000,0.000000,0.000000,0.038512,-0.019672,-0.011581,0.070575,-0.057048,-0.017523,0.094550,-0.091023,-0.023547,0.117842,-0.107676,-0.029850,0.060915,-0.149369,-0.007439,0.078220,-0.205599,-0.017294,0.087034,-0.241273,-0.026690,0.094550,-0.274088,-0.033906,0.040540,-0.166471,-0.010050,0.053296,-0.234694,-0.018476,0.060691,-0.278335,-0.027297,0.066569,-0.318098,-0.033999,0.018762,-0.168216,-0.014462,0.027669,-0.234835,-0.023414,0.034408,-0.277991,-0.030512,0.040484,-0.317307,-0.035617,-0.005284,-0.157816,-0.020095,-0.003517,-0.208355,-0.028890,-0.001252,-0.241162,-0.032474,0.001101,-0.272675,-0.034530,0.871584,-0.322849,-0.800377,-0.592629,0.158739,-0.954373,0.156783,-1.136128,0.134783,-0.771609,0.275156,-1.047119,-0.091128,-1.101762
PRUEBA_1,prueba,0,38,0.000000,0.000000,0.000000,-0.039130,-0.023798,-0.014288,-0.073559,-0.067309,-0.023229,-0.099397,-0.101950,-0.031210,-0.123818,-0.120399,-0.039531,-0.052506,-0.164975,-0.014262,-0.066875,-0.231722,-0.026077,-0.074729,-0.272318,-0.036119,-0.080796,-0.308988,-0.043911,-0.026662,-0.179431,-0.017877,-0.030069,-0.259060,-0.027731,-0.031248,-0.307531,-0.036777,-0.032803,-0.351622,-0.043743,-0.001741,-0.175769,-0.023614,-0.001490,-0.254668,-0.036021,-0.001060,-0.302588,-0.044131,-0.002310,-0.346690,-0.049857,0.021989,-0.157819,-0.030453,0.030754,-0.215384,-0.042145,0.036667,-0.251836,-0.046284,0.040287,-0.286471,-0.048941,0.000000,0.000000,0.000000,0.037955,-0.020960,-0.009772,0.069488,-0.059544,-0.015073,0.093623,-0.092575,-0.020816,0.115868,-0.110073,-0.027028,0.060347,-0.149305,-0.006629,0.075998,-0.206545,-0.016293,0.083723,-0.241747,-0.025458,0.090542,-0.274073,-0.032581,0.039636,-0.165391,-0.010404,0.051274,-0.234461,-0.018782,0.057926,-0.277477,-0.027542,0.063458,-0.316367,-0.034290,0.017549,-0.166157,-0.015854,0.025308,-0.233897,-0.024724,0.031172,-0.277695,-0.031758,0.036859,-0.317584,-0.036968,-0.006734,-0.154815,-0.022382,-0.005435,-0.206315,-0.031178,-0.003197,-0.240313,-0.034799,-0.000401,-0.273084,-0.037054,0.861593,-0.294528,-0.797684,-0.580313,0.132553,-0.958828,0.135362,-1.137806,0.113019,-0.778460,0.267275,-1.047562,-0.098015,-1.103386
PRUEBA_1,prueba,0,39,0.000000,0.000000,0.000000,-0.037998,-0.023810,-0.015340,-0.072196,-0.065307,-0.025299,-0.098350,-0.101275,-0.033985,-0.123507,-0.121173,-0.042880,-0.052231,-0.164246,-0.016116,-0.067241,-0.230675,-0.028183,-0.075355,-0.271343,-0.038258,-0.081328,-0.308725,-0.046167,-0.026748,-0.178682,-0.019100,-0.030521,-0.257925,-0.029283,-0.031842,-0.306319,-0.038267,-0.033445,-0.351128,-0.045319,-0.001927,-0.173974,-0.024189,-0.001088,-0.252749,-0.036963,-0.001048,-0.300771,-0.045244,-0.002795,-0.346012,-0.051166,0.022116,-0.155132,-0.030382,0.031546,-0.213044,-0.042515,0.037272,-0.250763,-0.047116,0.040579,-0.287944,-0.050172,0.000000,0.000000,0.000000,0.037042,-0.021684,-0.010201,0.068654,-0.061065,-0.016130,0.094271,-0.093266,-0.022355,0.117325,-0.111100,-0.029118,0.060689,-0.150645,-0.008076,0.075595,-0.208251,-0.018153,0.082651,-0.243006,-0.027634,0.088823,-0.274994,-0.034917,0.040292,-0.166498,-0.011759,0.051738,-0.236098,-0.020114,0.057645,-0.278917,-0.028895,0.062500,-0.317656,-0.035737,0.018077,-0.167277,-0.017067,0.025784,-0.235358,-0.025696,0.030407,-0.279394,-0.032591,0.034804,-0.319789,-0.037834,-0.006773,-0.155878,-0.023470,-0.005520,-0.207240,-0.032040,-0.003965,-0.241000,-0.035510,-0.002058,-0.273862,-0.037682,0.860238,-0.306721,-0.804954,-0.579714,0.118105,-0.965984,0.120496,-1.143176,0.101265,-0.786446,0.260914,-1.052693,-0.103914,-1.109446
PRUEBA_1,prueba,0,40,0.000000,0.000000,0.000000,-0.038119,-0.023502,-0.015485,-0.072438,-0.065041,-0.025433,-0.098875,-0.100932,-0.034075,-0.124013,-0.120981,-0.042883,-0.052535,-0.163585,-0.016072,-0.067729,-0.230009,-0.028100,-0.075840,-0.270761,-0.038110,-0.081679,-0.308147,-0.045971,-0.027107,-0.178311,-0.018966,-0.030885,-0.257509,-0.029128,-0.032159,-0.306084,-0.038079,-0.033658,-0.351076,-0.045098,-0.002328,-0.173821,-0.023988,-0.001574,-0.252413,-0.036745,-0.001479,-0.300359,-0.045011,-0.003149,-0.345545,-0.050928,0.021692,-0.155073,-0.030133,0.031130,-0.212600,-0.042301,0.036892,-0.250179,-0.046945,0.040197,-0.287247,-0.050026,0.000000,0.000000,0.000000,0.037437,-0.021604,-0.010309,0.068954,-0.061068,-0.016043,0.094395,-0.094481,-0.022083,0.117017,-0.113712,-0.028534,0.060022,-0.150707,-0.007458,0.075221,-0.208801,-0.017254,0.082417,-0.244359,-0.026460,0.088688,-0.276748,-0.033503,0.039639,-0.167077,-0.010873,0.051018,-0.237245,-0.019042,0.057072,-0.280521,-0.027689,0.061859,-0.318832,-0.034361,0.017650,-0.168351,-0.015951,0.025130,-0.237108,-0.024430,0.030026,-0.281432,-0.031273,0.034594,-0.320940,-0.036390,-0.006778,-0.157561,-0.022158,-0.005772,-0.209877,-0.030635,-0.003909,-0.244224,-0.034212,-0.001532,-0.276825,-0.036384,0.859999,-0.308431,-0.801488,-0.574633,0.111640,-0.964858,0.112681,-1.141445,0.095531,-0.787734,0.260433,-1.048952,-0.111191,-1.106425
PRUEBA_1,prueba,0,41,0.000000,0.000000,0.000000,-0.039205,-0.024068,-0.012932,-0.074578,-0.067832,-0.021966,-0.101014,-0.102608,-0.030078,-0.125635,-0.119889,-0.038688,-0.053845,-0.165058,-0.015361,-0.069795,-0.233099,-0.026937,-0.077803,-0.274844,-0.036623,-0.083585,-0.312077,-0.044170,-0.028239,-0.179174,-0.019206,-0.033409,-0.260476,-0.028694,-0.035342,-0.309238,-0.037441,-0.037530,-0.353022,-0.044344,-0.003110,-0.174799,-0.024724,-0.004257,-0.254431,-0.036233,-0.004747,-0.302760,-0.044018,-0.006541,-0.346650,-0.049809,0.021233,-0.156219,-0.031152,0.028977,-0.215426,-0.042161,0.034358,-0.253966,-0.046092,0.037985,-0.290641,-0.048715,0.000000,0.000000,0.000000,0.036203,-0.022821,-0.012413,0.067812,-0.061930,-0.019575,0.092494,-0.097022,-0.026683,0.115880,-0.116458,-0.034174,0.059300,-0.151780,-0.010607,0.073603,-0.210363,-0.021946,0.079977,-0.245160,-0.032167,0.085448,-0.277794,-0.039893,0.037181,-0.168730,-0.013586,0.047117,-0.238703,-0.023403,0.052107,-0.281099,-0.032816,0.056444,-0.320807,-0.039884,0.014282,-0.169332,-0.018333,0.020844,-0.237076,-0.028235,0.024610,-0.280680,-0.035230,0.028711,-0.321971,-0.040334,-0.010188,-0.156902,-0.024343,-0.009391,-0.208409,-0.033540,-0.008600,-0.240837,-0.036801,-0.007242,-0.272764,-0.038677,0.846314,-0.321257,-0.804024,-0.548977,0.097005,-0.966096,0.096278,-1.139246,0.082460,-0.792199,0.248692,-1.047162,-0.121301,-1.102929
PRUEBA_1,prueba,0,42,0.000000,0.000000,0.000000,-0.039885,-0.024996,-0.013775,-0.076488,-0.067039,-0.022968,-0.104214,-0.100575,-0.031187,-0.129472,-0.118026,-0.039721,-0.056381,-0.164509,-0.014710,-0.072251,-0.231698,-0.026738,-0.080601,-0.272872,-0.036880,-0.086724,-0.310052,-0.044744,-0.030988,-0.179642,-0.018321,-0.036322,-0.259925,-0.028142,-0.038438,-0.308250,-0.036740,-0.040651,-0.352389,-0.043533,-0.005825,-0.176167,-0.023936,-0.006939,-0.256227,-0.035786,-0.007312,-0.303802,-0.042995,-0.009040,-0.346852,-0.048262,0.018836,-0.158292,-0.030643,0.026757,-0.217796,-0.041542,0.031756,-0.256096,-0.045044,0.034675,-0.292156,-0.047374,0.000000,0.000000,0.000000,0.036265,-0.022797,-0.012393,0.066989,-0.061159,-0.019642,0.091188,-0.096268,-0.026808,0.114299,-0.116966,-0.034293,0.057295,-0.151986,-0.010152,0.072153,-0.209355,-0.021103,0.078458,-0.245544,-0.031188,0.083498,-0.279353,-0.038955,0.035893,-0.167916,-0.013139,0.046142,-0.238612,-0.022736,0.050994,-0.282296,-0.032197,0.054530,-0.322235,-0.039389,0.013520,-0.167750,-0.017872,0.020501,-0.236394,-0.027666,0.024689,-0.281590,-0.035035,0.028431,-0.323365,-0.040451,-0.010664,-0.155060,-0.023835,-0.010195,-0.206756,-0.033244,-0.009528,-0.241008,-0.036995,-0.008751,-0.274208,-0.039259,0.839631,-0.325373,-0.803899,-0.532904,0.090308,-0.969749,0.088613,-1.141616,0.076668,-0.795636,0.240186,-1.049701,-0.128156,-1.104561
PRUEBA_1,prueba,1,0,0.000000,0.000000,0.000000,-0.040413,-0.024506,-0.015383,-0.074739,-0.068333,-0.025443,-0.101429,-0.107526,-0.034320,-0.127827,-0.129736,-0.043454,-0.056719,-0.168547,-0.015231,-0.071170,-0.238912,-0.027742,-0.079162,-0.281893,-0.038270,-0.085265,-0.321385,-0.046526,-0.030514,-0.183881,-0.018614,-0.035410,-0.266940,-0.029154,-0.037561,-0.317886,-0.038670,-0.040089,-0.364405,-0.046159,-0.004901,-0.179285,-0.024212,-0.005416,-0.260961,-0.037072,-0.006271,-0.311763,-0.045244,-0.008933,-0.358792,-0.051214,0.019936,-0.160815,-0.030951,0.026733,-0.221528,-0.043061,0.029898,-0.261775,-0.047409,0.030787,-0.301179,-0.050370,0.000000,0.000000,0.000000,0.000000,0.000000,0.000000,0.000000,0.000000,0.000000,0.000000,0.000000,0.000000,0.000000,0.000000,0.000000,0.000000,0.000000,0.000000,0.000000,0.000000,0.000000,0.000000,0.000000,0.000000,0.000000,0.000000,0.000000,0.000000,0.000000,0.000000,0.000000,0.000000,0.000000,0.000000,0.000000,0.000000,0.000000,0.000000,0.000000,0.000000,0.000000,0.000000,0.000000,0.000000,0.000000,0.000000,0.000000,0.000000,0.000000,0.000000,0.000000,0.000000,0.000000,0.000000,0.000000,0.000000,0.000000,0.000000,0.000000,0.000000,0.000000,0.000000,0.000000,0.824576,-0.338506,0.000000,0.000000,-0.013411,-1.013933,-0.009548,-1.192012,-0.007656,-0.854226,0.171666,-1.104314,-0.183918,-1.119282
PRUEBA_1,prueba,1,1,0.000000,0.000000,0.000000,-0.040275,-0.025473,-0.015232,-0.074965,-0.069368,-0.025308,-0.101810,-0.108430,-0.034218,-0.127889,-0.131452,-0.043330,-0.056634,-0.170662,-0.014945,-0.071259,-0.240744,-0.027468,-0.079260,-0.283977,-0.038106,-0.085333,-0.323224,-0.046442,-0.030706,-0.185900,-0.018467,-0.035556,-0.269045,-0.029058,-0.037346,-0.320100,-0.038620,-0.039644,-0.366416,-0.046091,-0.005290,-0.181208,-0.024232,-0.005498,-0.263346,-0.037239,-0.006054,-0.314860,-0.045712,-0.008559,-0.362131,-0.051847,0.019357,-0.162125,-0.031104,0.026583,-0.222854,-0.043424,0.030047,-0.263586,-0.048055,0.031119,-0.303194,-0.051180,0.000000,0.000000,0.000000,0.000000,0.000000,0.000000,0.000000,0.000000,0.000000,0.000000,0.000000,0.000000,0.000000,0.000000,0.000000,0.000000,0.000000,0.000000,0.000000,0.000000,0.000000,0.000000,0.000000,0.000000,0.000000,0.000000,0.000000,0.000000,0.000000,0.000000,0.000000,0.000000,0.000000,0.000000,0.000000,0.000000,0.000000,0.000000,0.000000,0.000000,0.000000,0.000000,0.000000,0.000000,0.000000,0.000000,0.000000,0.000000,0.000000,0.000000,0.000000,0.000000,0.000000,0.000000,0.000000,0.000000,0.000000,0.000000,0.000000,0.000000,0.000000,0.000000,0.000000,0.826646,-0.335650,0.000000,0.000000,-0.013550,-1.011530,-0.009567,-1.189779,-0.007826,-0.852070,0.171714,-1.102264,-0.184533,-1.117175
PRUEBA_1,prueba,1,2,0.000000,0.000000,0.000000,-0.040304,-0.025689,-0.015395,-0.075103,-0.069923,-0.025530,-0.101996,-0.109160,-0.034510,-0.128296,-0.131978,-0.043704,-0.056474,-0.171190,-0.014980,-0.071021,-0.241705,-0.027594,-0.079184,-0.285057,-0.038327,-0.085417,-0.324515,-0.046720,-0.030576,-0.186285,-0.018444,-0.035394,-0.269617,-0.029118,-0.037249,-0.320842,-0.038728,-0.039482,-0.367433,-0.046226,-0.005159,-0.181622,-0.024169,-0.005554,-0.264074,-0.037161,-0.006113,-0.315556,-0.045481,-0.008473,-0.362920,-0.051508,0.019523,-0.162680,-0.031045,0.026516,-0.223465,-0.043222,0.029930,-0.264257,-0.047666,0.031146,-0.303950,-0.050671,0.000000,0.000000,0.000000,0.000000,0.000000,0.000000,0.000000,0.000000,0.000000,0.000000,0.000000,0.000000,0.000000,0.000000,0.000000,0.000000,0.000000,0.000000,0.000000,0.000000,0.000000,0.000000,0.000000,0.000000,0.000000,0.000000,0.000000,0.000000,0.000000,0.000000,0.000000,0.000000,0.000000,0.000000,0.000000,0.000000,0.000000,0.000000,0.000000,0.000000,0.000000,0.000000,0.000000,0.000000,0.000000,0.000000,0.000000,0.000000,0.000000,0.000000,0.000000,0.000000,0.000000,0.000000,0.000000,0.000000,0.000000,0.000000,0.000000,0.000000,0.000000,0.000000,0.000000,0.830520,-0.329441,0.000000,0.000000,-0.012292,-1.008755,-0.008718,-1.187449,-0.006859,-0.848667,0.171535,-1.100376,-0.184498,-1.114776
PRUEBA_1,prueba,1,3,0.000000,0.000000,0.000000,-0.040587,-0.024456,-0.015552,-0.075931,-0.068807,-0.025406,-0.102962,-0.108728,-0.034048,-0.129071,-0.131977,-0.042822,-0.057590,-0.171345,-0.014502,-0.071928,-0.242229,-0.026709,-0.079799,-0.285399,-0.037227,-0.085909,-0.324843,-0.045539,-0.031603,-0.186620,-0.017748,-0.036355,-0.269961,-0.027917,-0.038082,-0.320886,-0.037264,-0.040201,-0.367264,-0.044680,-0.006067,-0.182060,-0.023309,-0.006693,-0.264141,-0.035823,-0.007128,-0.314972,-0.043866,-0.009331,-0.361881,-0.049817,0.018834,-0.163372,-0.030090,0.025381,-0.224150,-0.041995,0.028781,-0.264347,-0.046318,0.030097,-0.303604,-0.049292,0.000000,0.000000,0.000000,0.000000,0.000000,0.000000,0.000000,0.000000,0.000000,0.000000,0.000000,0.000000,0.000000,0.000000,0.000000,0.000000,0.000000,0.000000,0.000000,0.000000,0.000000,0.000000,0.000000,0.000000,0.000000,0.000000,0.000000,0.000000,0.000000,0.000000,0.000000,0.000000,0.000000,0.000000,0.000000,0.000000,0.000000,0.000000,0.000000,0.000000,0.000000,0.000000,0.000000,0.000000,0.000000,0.000000,0.000000,0.000000,0.000000,0.000000,0.000000,0.000000,0.000000,0.000000,0.000000,0.000000,0.000000,0.000000,0.000000,0.000000,0.000000,0.000000,0.000000,0.834601,-0.321680,0.000000,0.000000,-0.011810,-1.007073,-0.008496,-1.184942,-0.006710,-0.845881,0.171612,-1.100578,-0.186806,-1.111153
PRUEBA_1,prueba,1,4,0.000000,0.000000,0.000000,-0.040854,-0.024738,-0.015324,-0.075995,-0.069093,-0.025067,-0.102952,-0.108553,-0.033664,-0.129061,-0.131475,-0.042445,-0.057322,-0.170900,-0.014391,-0.071851,-0.241462,-0.026539,-0.079813,-0.284530,-0.036960,-0.085937,-0.323982,-0.045224,-0.031295,-0.186099,-0.017745,-0.036145,-0.269334,-0.027886,-0.037929,-0.320169,-0.037248,-0.040122,-0.366436,-0.044717,-0.005744,-0.181501,-0.023393,-0.006403,-0.263264,-0.035979,-0.006961,-0.313831,-0.044058,-0.009385,-0.360464,-0.050030,0.019194,-0.162930,-0.030229,0.025758,-0.223935,-0.042224,0.029228,-0.264130,-0.046604,0.030562,-0.303393,-0.049627,0.000000,0.000000,0.000000,0.000000,0.000000,0.000000,0.000000,0.000000,0.000000,0.000000,0.000000,0.000000,0.000000,0.000000,0.000000,0.000000,0.000000,0.000000,0.000000,0.000000,0.000000,0.000000,0.000000,0.000000,0.000000,0.000000,0.000000,0.000000,0.000000,0.000000,0.000000,0.000000,0.000000,0.000000,0.000000,0.000000,0.000000,0.000000,0.000000,0.000000,0.000000,0.000000,0.000000,0.000000,0.000000,0.000000,0.000000,0.000000,0.000000,0.000000,0.000000,0.000000,0.000000,0.000000,0.000000,0.000000,0.000000,0.000000,0.000000,0.000000,0.000000,0.000000,0.000000,0.833072,-0.326813,0.000000,0.000000,-0.012865,-1.007739,-0.009203,-1.186341,-0.007821,-0.846562,0.171259,-1.101654,-0.187088,-1.112992
PRUEBA_1,prueba,1,5,0.000000,0.000000,0.000000,-0.040684,-0.024918,-0.015360,-0.075686,-0.069679,-0.025137,-0.102649,-0.109264,-0.033772,-0.128958,-0.131781,-0.042603,-0.057242,-0.171357,-0.014368,-0.071691,-0.241929,-0.026582,-0.079653,-0.285073,-0.037073,-0.085793,-0.324544,-0.045391,-0.031194,-0.186552,-0.017757,-0.035922,-0.269583,-0.028008,-0.037703,-0.320513,-0.037490,-0.039940,-0.366885,-0.045024,-0.005613,-0.181858,-0.023442,-0.006158,-0.263545,-0.036128,-0.006694,-0.314178,-0.044312,-0.009149,-0.360928,-0.050339,0.019318,-0.163115,-0.030312,0.025995,-0.224088,-0.042373,0.029391,-0.264430,-0.046821,0.030581,-0.303866,-0.049891,0.000000,0.000000,0.000000,0.000000,0.000000,0.000000,0.000000,0.000000,0.000000,0.000000,0.000000,0.000000,0.000000,0.000000,0.000000,0.000000,0.000000,0.000000,0.000000,0.000000,0.000000,0.000000,0.000000,0.000000,0.000000,0.000000,0.000000,0.000000,0.000000,0.000000,0.000000,0.000000,0.000000,0.000000,0.000000,0.000000,0.000000,0.000000,0.000000,0.000000,0.000000,0.000000,0.000000,0.000000,0.000000,0.000000,0.000000,0.000000,0.000000,0.000000,0.000000,0.000000,0.000000,0.000000,0.000000,0.000000,0.000000,0.000000,0.000000,0.000000,0.000000,0.000000,0.000000,0.832955,-0.328672,0.000000,0.000000,-0.010310,-1.014651,-0.007638,-1.191962,-0.005366,-0.851502,0.171910,-1.104941,-0.186360,-1.116763
PRUEBA_1,prueba,1,6,0.000000,0.000000,0.000000,-0.040286,-0.024885,-0.015215,-0.075264,-0.069653,-0.024907,-0.102306,-0.108921,-0.033455,-0.128741,-0.130888,-0.042205,-0.057327,-0.171359,-0.014374,-0.071719,-0.241610,-0.026472,-0.079669,-0.284773,-0.036861,-0.085758,-0.324196,-0.045095,-0.031300,-0.186616,-0.017746,-0.035901,-0.269986,-0.027745,-0.037511,-0.320804,-0.036956,-0.039478,-0.366822,-0.044285,-0.005659,-0.181997,-0.023381,-0.006216,-0.264057,-0.035807,-0.006751,-0.314524,-0.043723,-0.009093,-0.361102,-0.049579,0.019289,-0.163168,-0.030197,0.025996,-0.224139,-0.041990,0.029491,-0.264173,-0.046162,0.030783,-0.303152,-0.049031,0.000000,0.000000,0.000000,0.000000,0.000000,0.000000,0.000000,0.000000,0.000000,0.000000,0.000000,0.000000,0.000000,0.000000,0.000000,0.000000,0.000000,0.000000,0.000000,0.000000,0.000000,0.000000,0.000000,0.000000,0.000000,0.000000,0.000000,0.000000,0.000000,0.000000,0.000000,0.000000,0.000000,0.000000,0.000000,0.000000,0.000000,0.000000,0.000000,0.000000,0.000000,0.000000,0.000000,0.000000,0.000000,0.000000,0.000000,0.000000,0.000000,0.000000,0.000000,0.000000,0.000000,0.000000,0.000000,0.000000,0.000000,0.000000,0.000000,0.000000,0.000000,0.000000,0.000000,0.833113,-0.329951,0.000000,0.000000,-0.011063,-1.013662,-0.008389,-1.191637,-0.006270,-0.850867,0.171420,-1.105009,-0.186930,-1.116587
PRUEBA_1,prueba,1,7,0.000000,0.000000,0.000000,-0.040297,-0.025996,-0.014559,-0.075281,-0.071432,-0.023881,-0.102181,-0.110676,-0.032175,-0.128636,-0.132739,-0.040653,-0.057119,-0.172692,-0.013500,-0.071307,-0.243341,-0.025367,-0.079322,-0.286544,-0.035599,-0.085615,-0.325913,-0.043734,-0.031152,-0.188003,-0.017106,-0.035579,-0.271173,-0.026927,-0.037073,-0.322075,-0.036056,-0.039049,-0.368092,-0.043334,-0.005554,-0.183378,-0.022952,-0.005316,-0.265171,-0.035253,-0.005697,-0.315862,-0.043226,-0.008120,-0.362461,-0.049112,0.019424,-0.164554,-0.029924,0.027010,-0.225373,-0.041565,0.030494,-0.265836,-0.045802,0.031551,-0.305127,-0.048735,0.000000,0.000000,0.000000,0.000000,0.000000,0.000000,0.000000,0.000000,0.000000,0.000000,0.000000,0.000000,0.000000,0.000000,0.000000,0.000000,0.000000,0.000000,0.000000,0.000000,0.000000,0.000000,0.000000,0.000000,0.000000,0.000000,0.000000,0.000000,0.000000,0.000000,0.000000,0.000000,0.000000,0.000000,0.000000,0.000000,0.000000,0.000000,0.000000,0.000000,0.000000,0.000000,0.000000,0.000000,0.000000,0.000000,0.000000,0.000000,0.000000,0.000000,0.000000,0.000000,0.000000,0.000000,0.000000,0.000000,0.000000,0.000000,0.000000,0.000000,0.000000,0.000000,0.000000,0.833478,-0.329197,0.000000,0.000000,-0.007728,-1.015518,-0.006743,-1.193607,-0.004004,-0.852736,0.171870,-1.106825,-0.186707,-1.118313
PRUEBA_1,prueba,1,8,0.000000,0.000000,0.000000,-0.040385,-0.026248,-0.014632,-0.075617,-0.072069,-0.023899,-0.102739,-0.111117,-0.032181,-0.129229,-0.132996,-0.040614,-0.057357,-0.173004,-0.012979,-0.071738,-0.243838,-0.024752,-0.079825,-0.287025,-0.034979,-0.086131,-0.326406,-0.043125,-0.031523,-0.188256,-0.016565,-0.035998,-0.271728,-0.026320,-0.037436,-0.322688,-0.035403,-0.039272,-0.368857,-0.042622,-0.005983,-0.183730,-0.022449,-0.006192,-0.266069,-0.034671,-0.006396,-0.316551,-0.042464,-0.008489,-0.363219,-0.048223,0.019023,-0.165044,-0.029504,0.026235,-0.225649,-0.041042,0.029936,-0.265819,-0.045108,0.031417,-0.304961,-0.047921,0.000000,0.000000,0.000000,0.000000,0.000000,0.000000,0.000000,0.000000,0.000000,0.000000,0.000000,0.000000,0.000000,0.000000,0.000000,0.000000,0.000000,0.000000,0.000000,0.000000,0.000000,0.000000,0.000000,0.000000,0.000000,0.000000,0.000000,0.000000,0.000000,0.000000,0.000000,0.000000,0.000000,0.000000,0.000000,0.000000,0.000000,0.000000,0.000000,0.000000,0.000000,0.000000,0.000000,0.000000,0.000000,0.000000,0.000000,0.000000,0.000000,0.000000,0.000000,0.000000,0.000000,0.000000,0.000000,0.000000,0.000000,0.000000,0.000000,0.000000,0.000000,0.000000,0.000000,0.835905,-0.325720,0.000000,0.000000,-0.007234,-1.014130,-0.005985,-1.192332,-0.003664,-0.851472,0.172448,-1.105441,-0.185884,-1.117480
PRUEBA_1,prueba,1,9,0.000000,0.000000,0.000000,-0.040009,-0.026522,-0.015528,-0.075201,-0.070795,-0.025615,-0.102352,-0.110134,-0.034459,-0.128540,-0.134093,-0.043423,-0.057499,-0.173425,-0.015247,-0.072211,-0.244511,-0.027839,-0.080196,-0.288073,-0.038439,-0.086315,-0.327786,-0.046736,-0.031435,-0.188733,-0.018501,-0.035986,-0.272817,-0.028900,-0.037372,-0.323817,-0.038177,-0.039360,-0.369858,-0.045524,-0.005913,-0.184156,-0.024051,-0.005642,-0.265807,-0.036850,-0.006091,-0.316788,-0.044971,-0.008628,-0.363546,-0.050904,0.018941,-0.165214,-0.030790,0.026617,-0.226406,-0.042953,0.030524,-0.266695,-0.047429,0.031926,-0.305507,-0.050450,0.000000,0.000000,0.000000,0.000000,0.000000,0.000000,0.000000,0.000000,0.000000,0.000000,0.000000,0.000000,0.000000,0.000000,0.000000,0.000000,0.000000,0.000000,0.000000,0.000000,0.000000,0.000000,0.000000,0.000000,0.000000,0.000000,0.000000,0.000000,0.000000,0.000000,0.000000,0.000000,0.000000,0.000000,0.000000,0.000000,0.000000,0.000000,0.000000,0.000000,0.000000,0.000000,0.000000,0.000000,0.000000,0.000000,0.000000,0.000000,0.000000,0.000000,0.000000,0.000000,0.000000,0.000000,0.000000,0.000000,0.000000,0.000000,0.000000,0.000000,0.000000,0.000000,0.000000,0.838238,-0.332081,0.000000,0.000000,-0.009536,-1.015002,-0.007726,-1.193023,-0.005262,-0.852325,0.171626,-1.106401,-0.186827,-1.117532
PRUEBA_1,prueba,1,10,0.000000,0.000000,0.000000,-0.039975,-0.025927,-0.016017,-0.075481,-0.070322,-0.026272,-0.102942,-0.110217,-0.035290,-0.129598,-0.133994,-0.044411,-0.058214,-0.173553,-0.014867,-0.072607,-0.245183,-0.027645,-0.080632,-0.288999,-0.038552,-0.086828,-0.329133,-0.047069,-0.032116,-0.189057,-0.018086,-0.036543,-0.273293,-0.028648,-0.038145,-0.324665,-0.038219,-0.040279,-0.371364,-0.045742,-0.006361,-0.184792,-0.023692,-0.006443,-0.266911,-0.036522,-0.006919,-0.317674,-0.044493,-0.009264,-0.364415,-0.050300,0.018757,-0.166165,-0.030576,0.025626,-0.226997,-0.042557,0.029474,-0.266906,-0.046666,0.031196,-0.305424,-0.049420,0.000000,0.000000,0.000000,0.000000,0.000000,0.000000,0.000000,0.000000,0.000000,0.000000,0.000000,0.000000,0.000000,0.000000,0.000000,0.000000,0.000000,0.000000,0.000000,0.000000,0.000000,0.000000,0.000000,0.000000,0.000000,0.000000,0.000000,0.000000,0.000000,0.000000,0.000000,0.000000,0.000000,0.000000,0.000000,0.000000,0.000000,0.000000,0.000000,0.000000,0.000000,0.000000,0.000000,0.000000,0.000000,0.000000,0.000000,0.000000,0.000000,0.000000,0.000000,0.000000,0.000000,0.000000,0.000000,0.000000,0.000000,0.000000,0.000000,0.000000,0.000000,0.000000,0.000000,0.841135,-0.329044,0.000000,0.000000,-0.009448,-1.023703,-0.007631,-1.198317,-0.005165,-0.858576,0.171800,-1.106834,-0.186341,-1.121969
PRUEBA_1,prueba,1,11,0.000000,0.000000,0.000000,-0.039977,-0.025840,-0.016087,-0.075671,-0.070051,-0.026297,-0.103110,-0.110058,-0.035246,-0.129522,-0.134707,-0.044276,-0.058298,-0.173981,-0.014824,-0.072763,-0.245404,-0.027576,-0.080901,-0.289145,-0.038490,-0.087224,-0.329185,-0.047020,-0.032266,-0.189571,-0.017980,-0.036804,-0.273824,-0.028479,-0.038425,-0.325024,-0.037991,-0.040555,-0.371453,-0.045480,-0.006539,-0.185344,-0.023546,-0.006703,-0.267485,-0.036332,-0.007258,-0.318174,-0.044247,-0.009645,-0.364843,-0.050032,0.018620,-0.166658,-0.030406,0.025352,-0.227592,-0.042404,0.029180,-0.267408,-0.046516,0.030905,-0.305849,-0.049269,0.000000,0.000000,0.000000,0.000000,0.000000,0.000000,0.000000,0.000000,0.000000,0.000000,0.000000,0.000000,0.000000,0.000000,0.000000,0.000000,0.000000,0.000000,0.000000,0.000000,0.000000,0.000000,0.000000,0.000000,0.000000,0.000000,0.000000,0.000000,0.000000,0.000000,0.000000,0.000000,0.000000,0.000000,0.000000,0.000000,0.000000,0.000000,0.000000,0.000000,0.000000,0.000000,0.000000,0.000000,0.000000,0.000000,0.000000,0.000000,0.000000,0.000000,0.000000,0.000000,0.000000,0.000000,0.000000,0.000000,0.000000,0.000000,0.000000,0.000000,0.000000,0.000000,0.000000,0.841798,-0.326328,0.000000,0.000000,-0.008532,-1.021854,-0.006866,-1.196455,-0.004596,-0.856839,0.171904,-1.105428,-0.185717,-1.120168
PRUEBA_1,prueba,1,12,0.000000,0.000000,0.000000,-0.040069,-0.025972,-0.015999,-0.075488,-0.070433,-0.026059,-0.102816,-0.110288,-0.034869,-0.129304,-0.134141,-0.043767,-0.057941,-0.173323,-0.014740,-0.072454,-0.244947,-0.027291,-0.080626,-0.288670,-0.037988,-0.086933,-0.328755,-0.046383,-0.031968,-0.189040,-0.017815,-0.036568,-0.273340,-0.028150,-0.038196,-0.324522,-0.037485,-0.040274,-0.370894,-0.044880,-0.006280,-0.184976,-0.023285,-0.006382,-0.267134,-0.035885,-0.006981,-0.317691,-0.043687,-0.009416,-0.364144,-0.049427,0.018914,-0.166647,-0.030058,0.025923,-0.227657,-0.041874,0.029671,-0.267785,-0.045979,0.031251,-0.306558,-0.048776,0.000000,0.000000,0.000000,0.000000,0.000000,0.000000,0.000000,0.000000,0.000000,0.000000,0.000000,0.000000,0.000000,0.000000,0.000000,0.000000,0.000000,0.000000,0.000000,0.000000,0.000000,0.000000,0.000000,0.000000,0.000000,0.000000,0.000000,0.000000,0.000000,0.000000,0.000000,0.000000,0.000000,0.000000,0.000000,0.000000,0.000000,0.000000,0.000000,0.000000,0.000000,0.000000,0.000000,0.000000,0.000000,0.000000,0.000000,0.000000,0.000000,0.000000,0.000000,0.000000,0.000000,0.000000,0.000000,0.000000,0.000000,0.000000,0.000000,0.000000,0.000000,0.000000,0.000000,0.839748,-0.325755,0.000000,0.000000,-0.008583,-1.020374,-0.006867,-1.195064,-0.004670,-0.856160,0.171864,-1.103913,-0.185691,-1.120014
PRUEBA_1,prueba,1,13,0.000000,0.000000,0.000000,-0.040019,-0.025917,-0.016084,-0.075388,-0.070341,-0.026219,-0.102762,-0.110244,-0.035097,-0.129333,-0.134030,-0.044059,-0.058027,-0.173119,-0.014806,-0.072509,-0.244779,-0.027412,-0.080665,-0.288561,-0.038163,-0.086950,-0.328719,-0.046594,-0.032045,-0.188875,-0.017869,-0.036561,-0.273176,-0.028255,-0.038179,-0.324450,-0.037640,-0.040266,-0.370944,-0.045065,-0.006355,-0.184844,-0.023331,-0.006397,-0.267061,-0.035975,-0.006997,-0.317673,-0.043813,-0.009445,-0.364196,-0.049574,0.018819,-0.166512,-0.030100,0.025868,-0.227463,-0.041954,0.029627,-0.267579,-0.046072,0.031208,-0.306346,-0.048870,0.000000,0.000000,0.000000,0.000000,0.000000,0.000000,0.000000,0.000000,0.000000,0.000000,0.000000,0.000000,0.000000,0.000000,0.000000,0.000000,0.000000,0.000000,0.000000,0.000000,0.000000,0.000000,0.000000,0.000000,0.000000,0.000000,0.000000,0.000000,0.000000,0.000000,0.000000,0.000000,0.000000,0.000000,0.000000,0.000000,0.000000,0.000000,0.000000,0.000000,0.000000,0.000000,0.000000,0.000000,0.000000,0.000000,0.000000,0.000000,0.000000,0.000000,0.000000,0.000000,0.000000,0.000000,0.000000,0.000000,0.000000,0.000000,0.000000,0.000000,0.000000,0.000000,0.000000,0.840450,-0.323595,0.000000,0.000000,-0.008292,-1.018067,-0.006556,-1.192995,-0.004464,-0.854016,0.171766,-1.102054,-0.185315,-1.118249
PRUEBA_1,prueba,1,14,0.000000,0.000000,0.000000,-0.041114,-0.026338,-0.015245,-0.076513,-0.071090,-0.024892,-0.103615,-0.110419,-0.033516,-0.130224,-0.132783,-0.042360,-0.057854,-0.173010,-0.013729,-0.072417,-0.243838,-0.026085,-0.080701,-0.286892,-0.036717,-0.087103,-0.326232,-0.045026,-0.031540,-0.188740,-0.017240,-0.035971,-0.272679,-0.027408,-0.037863,-0.323446,-0.036840,-0.040321,-0.369217,-0.044245,-0.005687,-0.184827,-0.023094,-0.005585,-0.266610,-0.035528,-0.006233,-0.316572,-0.043355,-0.008795,-0.362242,-0.049050,0.019247,-0.166383,-0.030181,0.026107,-0.226468,-0.041615,0.029908,-0.265447,-0.045389,0.031618,-0.302667,-0.047946,0.000000,0.000000,0.000000,0.000000,0.000000,0.000000,0.000000,0.000000,0.000000,0.000000,0.000000,0.000000,0.000000,0.000000,0.000000,0.000000,0.000000,0.000000,0.000000,0.000000,0.000000,0.000000,0.000000,0.000000,0.000000,0.000000,0.000000,0.000000,0.000000,0.000000,0.000000,0.000000,0.000000,0.000000,0.000000,0.000000,0.000000,0.000000,0.000000,0.000000,0.000000,0.000000,0.000000,0.000000,0.000000,0.000000,0.000000,0.000000,0.000000,0.000000,0.000000,0.000000,0.000000,0.000000,0.000000,0.000000,0.000000,0.000000,0.000000,0.000000,0.000000,0.000000,0.000000,0.841330,-0.314407,0.000000,0.000000,-0.006169,-1.018339,-0.004648,-1.193015,-0.002614,-0.854992,0.172926,-1.101862,-0.183004,-1.118985
PRUEBA_1,prueba,1,15,0.000000,0.000000,0.000000,-0.039994,-0.024648,-0.016232,-0.074798,-0.067994,-0.026911,-0.101502,-0.107346,-0.036097,-0.127425,-0.131394,-0.045499,-0.057428,-0.169195,-0.018035,-0.072289,-0.239607,-0.031142,-0.080561,-0.283192,-0.041801,-0.086855,-0.323368,-0.050096,-0.031000,-0.184964,-0.021102,-0.034948,-0.269453,-0.031892,-0.036092,-0.320798,-0.041114,-0.037864,-0.367580,-0.048496,-0.005401,-0.179922,-0.026345,-0.003882,-0.262395,-0.039655,-0.004086,-0.314178,-0.047980,-0.006593,-0.362189,-0.054068,0.019328,-0.160123,-0.032735,0.027589,-0.222428,-0.045608,0.031940,-0.263216,-0.050349,0.033580,-0.302858,-0.053530,0.000000,0.000000,0.000000,0.000000,0.000000,0.000000,0.000000,0.000000,0.000000,0.000000,0.000000,0.000000,0.000000,0.000000,0.000000,0.000000,0.000000,0.000000,0.000000,0.000000,0.000000,0.000000,0.000000,0.000000,0.000000,0.000000,0.000000,0.000000,0.000000,0.000000,0.000000,0.000000,0.000000,0.000000,0.000000,0.000000,0.000000,0.000000,0.000000,0.000000,0.000000,0.000000,0.000000,0.000000,0.000000,0.000000,0.000000,0.000000,0.000000,0.000000,0.000000,0.000000,0.000000,0.000000,0.000000,0.000000,0.000000,0.000000,0.000000,0.000000,0.000000,0.000000,0.000000,0.842457,-0.344563,0.000000,0.000000,-0.005896,-1.021151,-0.004213,-1.196406,-0.002272,-0.856962,0.174075,-1.102994,-0.182641,-1.122789
PRUEBA_1,prueba,1,16,0.000000,0.000000,0.000000,-0.039724,-0.026180,-0.016445,-0.074673,-0.069362,-0.027229,-0.102337,-0.108040,-0.036635,-0.128860,-0.132316,-0.046184,-0.057172,-0.170949,-0.016478,-0.071606,-0.241745,-0.029609,-0.079981,-0.285204,-0.040576,-0.086496,-0.325020,-0.049078,-0.031118,-0.186724,-0.019596,-0.034919,-0.270278,-0.030574,-0.036254,-0.322033,-0.040255,-0.038314,-0.369086,-0.047823,-0.005656,-0.182400,-0.025054,-0.004117,-0.264710,-0.038493,-0.003884,-0.316293,-0.047003,-0.006044,-0.363656,-0.053053,0.019133,-0.163438,-0.031707,0.027461,-0.225154,-0.044433,0.031984,-0.265586,-0.049031,0.033755,-0.304103,-0.052018,0.000000,0.000000,0.000000,0.000000,0.000000,0.000000,0.000000,0.000000,0.000000,0.000000,0.000000,0.000000,0.000000,0.000000,0.000000,0.000000,0.000000,0.000000,0.000000,0.000000,0.000000,0.000000,0.000000,0.000000,0.000000,0.000000,0.000000,0.000000,0.000000,0.000000,0.000000,0.000000,0.000000,0.000000,0.000000,0.000000,0.000000,0.000000,0.000000,0.000000,0.000000,0.000000,0.000000,0.000000,0.000000,0.000000,0.000000,0.000000,0.000000,0.000000,0.000000,0.000000,0.000000,0.000000,0.000000,0.000000,0.000000,0.000000,0.000000,0.000000,0.000000,0.000000,0.000000,0.842958,-0.340378,0.000000,0.000000,-0.003813,-1.028942,-0.002769,-1.203313,-0.000658,-0.864747,0.174406,-1.108044,-0.182095,-1.127750
PRUEBA_1,prueba,1,17,0.000000,0.000000,0.000000,-0.040063,-0.028102,-0.015695,-0.074533,-0.072216,-0.025946,-0.101783,-0.110298,-0.035095,-0.128057,-0.133010,-0.044452,-0.056034,-0.171963,-0.014772,-0.070842,-0.242849,-0.027682,-0.079195,-0.286420,-0.038620,-0.085619,-0.326351,-0.047030,-0.029880,-0.187147,-0.018150,-0.033808,-0.271180,-0.028876,-0.035361,-0.323158,-0.038564,-0.037411,-0.370431,-0.046049,-0.004274,-0.182832,-0.023871,-0.003041,-0.265465,-0.036832,-0.003204,-0.316799,-0.045018,-0.005360,-0.363829,-0.050808,0.020544,-0.164150,-0.030798,0.028636,-0.225570,-0.042710,0.032948,-0.265936,-0.046706,0.034845,-0.304360,-0.049293,0.000000,0.000000,0.000000,0.000000,0.000000,0.000000,0.000000,0.000000,0.000000,0.000000,0.000000,0.000000,0.000000,0.000000,0.000000,0.000000,0.000000,0.000000,0.000000,0.000000,0.000000,0.000000,0.000000,0.000000,0.000000,0.000000,0.000000,0.000000,0.000000,0.000000,0.000000,0.000000,0.000000,0.000000,0.000000,0.000000,0.000000,0.000000,0.000000,0.000000,0.000000,0.000000,0.000000,0.000000,0.000000,0.000000,0.000000,0.000000,0.000000,0.000000,0.000000,0.000000,0.000000,0.000000,0.000000,0.000000,0.000000,0.000000,0.000000,0.000000,0.000000,0.000000,0.000000,0.841338,-0.330371,0.000000,0.000000,-0.002285,-1.026801,-0.001187,-1.201415,0.000768,-0.862628,0.175734,-1.106187,-0.180721,-1.126363
PRUEBA_1,prueba,1,18,0.000000,0.000000,0.000000,-0.040068,-0.027533,-0.015688,-0.074391,-0.071713,-0.025935,-0.101549,-0.110250,-0.035022,-0.127874,-0.133086,-0.044298,-0.056162,-0.171970,-0.014840,-0.071079,-0.242679,-0.027462,-0.079288,-0.286121,-0.038191,-0.085458,-0.325888,-0.046488,-0.029977,-0.187381,-0.018102,-0.033833,-0.271489,-0.028476,-0.035433,-0.323085,-0.037872,-0.037507,-0.369798,-0.045203,-0.004414,-0.182879,-0.023679,-0.003191,-0.265766,-0.036349,-0.003381,-0.316822,-0.044398,-0.005519,-0.363630,-0.050188,0.020318,-0.163844,-0.030459,0.028538,-0.224951,-0.042287,0.032851,-0.265300,-0.046314,0.034785,-0.304001,-0.048960,0.000000,0.000000,0.000000,0.000000,0.000000,0.000000,0.000000,0.000000,0.000000,0.000000,0.000000,0.000000,0.000000,0.000000,0.000000,0.000000,0.000000,0.000000,0.000000,0.000000,0.000000,0.000000,0.000000,0.000000,0.000000,0.000000,0.000000,0.000000,0.000000,0.000000,0.000000,0.000000,0.000000,0.000000,0.000000,0.000000,0.000000,0.000000,0.000000,0.000000,0.000000,0.000000,0.000000,0.000000,0.000000,0.000000,0.000000,0.000000,0.000000,0.000000,0.000000,0.000000,0.000000,0.000000,0.000000,0.000000,0.000000,0.000000,0.000000,0.000000,0.000000,0.000000,0.000000,0.841298,-0.331241,0.000000,0.000000,0.001310,-1.026386,0.000346,-1.201053,0.001870,-0.862565,0.175817,-1.106156,-0.180524,-1.126194
PRUEBA_1,prueba,1,19,0.000000,0.000000,0.000000,-0.040880,-0.025586,-0.015896,-0.075433,-0.069908,-0.025933,-0.102287,-0.108464,-0.034704,-0.128518,-0.130948,-0.043608,-0.056799,-0.171390,-0.014419,-0.071574,-0.241714,-0.026448,-0.080236,-0.284215,-0.036775,-0.086776,-0.322924,-0.044867,-0.030378,-0.186943,-0.017488,-0.035046,-0.270623,-0.027445,-0.037216,-0.321431,-0.036664,-0.039479,-0.367101,-0.043913,-0.004560,-0.182717,-0.022896,-0.005124,-0.265027,-0.035071,-0.005469,-0.315396,-0.042795,-0.007233,-0.361441,-0.048474,0.020132,-0.164158,-0.029574,0.026407,-0.224589,-0.040732,0.030374,-0.264044,-0.044398,0.032856,-0.301976,-0.046911,0.000000,0.000000,0.000000,0.000000,0.000000,0.000000,0.000000,0.000000,0.000000,0.000000,0.000000,0.000000,0.000000,0.000000,0.000000,0.000000,0.000000,0.000000,0.000000,0.000000,0.000000,0.000000,0.000000,0.000000,0.000000,0.000000,0.000000,0.000000,0.000000,0.000000,0.000000,0.000000,0.000000,0.000000,0.000000,0.000000,0.000000,0.000000,0.000000,0.000000,0.000000,0.000000,0.000000,0.000000,0.000000,0.000000,0.000000,0.000000,0.000000,0.000000,0.000000,0.000000,0.000000,0.000000,0.000000,0.000000,0.000000,0.000000,0.000000,0.000000,0.000000,0.000000,0.000000,0.837480,-0.322425,0.000000,0.000000,-0.000273,-1.026007,-0.000974,-1.202087,0.000888,-0.862662,0.175362,-1.108641,-0.181961,-1.126428
PRUEBA_1,prueba,1,20,0.000000,0.000000,0.000000,-0.039948,-0.023719,-0.016362,-0.074491,-0.066745,-0.026765,-0.101375,-0.105907,-0.035773,-0.127816,-0.129159,-0.044878,-0.057512,-0.169712,-0.015689,-0.072242,-0.240242,-0.028086,-0.080265,-0.283300,-0.038576,-0.086311,-0.322852,-0.046801,-0.031334,-0.185855,-0.018491,-0.035883,-0.269103,-0.028668,-0.037782,-0.319836,-0.037869,-0.040060,-0.365879,-0.045168,-0.005560,-0.181699,-0.023613,-0.005728,-0.263238,-0.036100,-0.006235,-0.313537,-0.043948,-0.008511,-0.360159,-0.049731,0.019516,-0.163211,-0.030015,0.026794,-0.223870,-0.041850,0.030579,-0.263875,-0.045992,0.032242,-0.302834,-0.048788,0.000000,0.000000,0.000000,0.000000,0.000000,0.000000,0.000000,0.000000,0.000000,0.000000,0.000000,0.000000,0.000000,0.000000,0.000000,0.000000,0.000000,0.000000,0.000000,0.000000,0.000000,0.000000,0.000000,0.000000,0.000000,0.000000,0.000000,0.000000,0.000000,0.000000,0.000000,0.000000,0.000000,0.000000,0.000000,0.000000,0.000000,0.000000,0.000000,0.000000,0.000000,0.000000,0.000000,0.000000,0.000000,0.000000,0.000000,0.000000,0.000000,0.000000,0.000000,0.000000,0.000000,0.000000,0.000000,0.000000,0.000000,0.000000,0.000000,0.000000,0.000000,0.000000,0.000000,0.838442,-0.330589,0.000000,0.000000,0.000504,-1.028017,-0.000275,-1.204177,0.001834,-0.864625,0.175713,-1.110587,-0.181883,-1.128646
PRUEBA_1,prueba,1,21,0.000000,0.000000,0.000000,-0.040455,-0.024791,-0.016422,-0.075005,-0.068098,-0.026860,-0.102086,-0.106913,-0.035952,-0.128460,-0.130496,-0.045117,-0.057531,-0.170720,-0.015199,-0.072345,-0.241295,-0.027689,-0.080485,-0.284219,-0.038334,-0.086688,-0.323681,-0.046657,-0.031445,-0.186598,-0.018075,-0.036032,-0.269980,-0.028423,-0.037865,-0.320969,-0.037851,-0.040130,-0.367288,-0.045254,-0.005733,-0.182383,-0.023337,-0.006010,-0.264170,-0.035994,-0.006330,-0.314633,-0.043977,-0.008439,-0.361200,-0.049776,0.019303,-0.163852,-0.029890,0.026444,-0.224819,-0.041800,0.030379,-0.264874,-0.045958,0.032186,-0.303599,-0.048719,0.000000,0.000000,0.000000,0.000000,0.000000,0.000000,0.000000,0.000000,0.000000,0.000000,0.000000,0.000000,0.000000,0.000000,0.000000,0.000000,0.000000,0.000000,0.000000,0.000000,0.000000,0.000000,0.000000,0.000000,0.000000,0.000000,0.000000,0.000000,0.000000,0.000000,0.000000,0.000000,0.000000,0.000000,0.000000,0.000000,0.000000,0.000000,0.000000,0.000000,0.000000,0.000000,0.000000,0.000000,0.000000,0.000000,0.000000,0.000000,0.000000,0.000000,0.000000,0.000000,0.000000,0.000000,0.000000,0.000000,0.000000,0.000000,0.000000,0.000000,0.000000,0.000000,0.000000,0.838088,-0.327869,0.000000,0.000000,-0.000462,-1.026401,-0.000874,-1.203535,0.001241,-0.863888,0.175286,-1.110613,-0.182257,-1.128387
PRUEBA_1,prueba,1,22,0.000000,0.000000,0.000000,-0.039758,-0.024502,-0.015905,-0.073937,-0.068548,-0.026209,-0.100918,-0.107392,-0.035199,-0.127687,-0.130219,-0.044341,-0.056214,-0.170172,-0.015878,-0.071019,-0.240735,-0.028489,-0.078989,-0.284174,-0.038998,-0.084903,-0.324083,-0.047222,-0.030105,-0.185700,-0.018989,-0.034878,-0.269768,-0.029367,-0.036426,-0.320825,-0.038560,-0.038347,-0.367127,-0.045825,-0.004403,-0.181024,-0.024358,-0.004635,-0.263097,-0.037106,-0.005097,-0.313684,-0.044989,-0.007471,-0.360536,-0.050767,0.020698,-0.162078,-0.030936,0.028333,-0.223223,-0.042963,0.032307,-0.263393,-0.047166,0.033770,-0.302596,-0.050009,0.000000,0.000000,0.000000,0.000000,0.000000,0.000000,0.000000,0.000000,0.000000,0.000000,0.000000,0.000000,0.000000,0.000000,0.000000,0.000000,0.000000,0.000000,0.000000,0.000000,0.000000,0.000000,0.000000,0.000000,0.000000,0.000000,0.000000,0.000000,0.000000,0.000000,0.000000,0.000000,0.000000,0.000000,0.000000,0.000000,0.000000,0.000000,0.000000,0.000000,0.000000,0.000000,0.000000,0.000000,0.000000,0.000000,0.000000,0.000000,0.000000,0.000000,0.000000,0.000000,0.000000,0.000000,0.000000,0.000000,0.000000,0.000000,0.000000,0.000000,0.000000,0.000000,0.000000,0.835923,-0.336222,0.000000,0.000000,-0.001334,-1.027602,-0.001247,-1.204749,0.001107,-0.865026,0.175262,-1.112081,-0.182306,-1.129588
PRUEBA_1,prueba,1,23,0.000000,0.000000,0.000000,-0.039652,-0.023889,-0.016442,-0.074677,-0.068572,-0.026629,-0.101968,-0.108074,-0.035377,-0.128650,-0.131097,-0.044210,-0.056942,-0.170478,-0.015881,-0.072539,-0.241959,-0.028258,-0.080951,-0.285824,-0.038634,-0.087086,-0.325951,-0.046775,-0.031025,-0.186267,-0.018607,-0.036103,-0.270183,-0.028951,-0.037922,-0.321673,-0.038210,-0.040009,-0.368419,-0.045493,-0.005624,-0.182087,-0.023646,-0.006385,-0.264738,-0.036405,-0.006687,-0.315818,-0.044535,-0.008853,-0.362980,-0.050464,0.019111,-0.163824,-0.029945,0.026414,-0.224957,-0.042058,0.030590,-0.265291,-0.046519,0.032482,-0.304543,-0.049539,0.000000,0.000000,0.000000,0.000000,0.000000,0.000000,0.000000,0.000000,0.000000,0.000000,0.000000,0.000000,0.000000,0.000000,0.000000,0.000000,0.000000,0.000000,0.000000,0.000000,0.000000,0.000000,0.000000,0.000000,0.000000,0.000000,0.000000,0.000000,0.000000,0.000000,0.000000,0.000000,0.000000,0.000000,0.000000,0.000000,0.000000,0.000000,0.000000,0.000000,0.000000,0.000000,0.000000,0.000000,0.000000,0.000000,0.000000,0.000000,0.000000,0.000000,0.000000,0.000000,0.000000,0.000000,0.000000,0.000000,0.000000,0.000000,0.000000,0.000000,0.000000,0.000000,0.000000,0.839940,-0.332309,0.000000,0.000000,-0.003201,-1.025774,-0.002231,-1.203386,-0.000050,-0.863498,0.175002,-1.111566,-0.183178,-1.128380
PRUEBA_1,prueba,1,24,0.000000,0.000000,0.000000,-0.039803,-0.024331,-0.016305,-0.074408,-0.069142,-0.026472,-0.101616,-0.108554,-0.035240,-0.128447,-0.131562,-0.044115,-0.056792,-0.170640,-0.015809,-0.072208,-0.242192,-0.028224,-0.080512,-0.286011,-0.038591,-0.086585,-0.326200,-0.046709,-0.030780,-0.186489,-0.018595,-0.035868,-0.270813,-0.028902,-0.037759,-0.322408,-0.038151,-0.039952,-0.369273,-0.045434,-0.005299,-0.182364,-0.023679,-0.006084,-0.264926,-0.036368,-0.006516,-0.315910,-0.044434,-0.008802,-0.363008,-0.050328,0.019458,-0.164109,-0.030017,0.026786,-0.225222,-0.042039,0.030934,-0.265531,-0.046427,0.032753,-0.304775,-0.049399,0.000000,0.000000,0.000000,0.000000,0.000000,0.000000,0.000000,0.000000,0.000000,0.000000,0.000000,0.000000,0.000000,0.000000,0.000000,0.000000,0.000000,0.000000,0.000000,0.000000,0.000000,0.000000,0.000000,0.000000,0.000000,0.000000,0.000000,0.000000,0.000000,0.000000,0.000000,0.000000,0.000000,0.000000,0.000000,0.000000,0.000000,0.000000,0.000000,0.000000,0.000000,0.000000,0.000000,0.000000,0.000000,0.000000,0.000000,0.000000,0.000000,0.000000,0.000000,0.000000,0.000000,0.000000,0.000000,0.000000,0.000000,0.000000,0.000000,0.000000,0.000000,0.000000,0.000000,0.839160,-0.330099,0.000000,0.000000,-0.002323,-1.023707,-0.001580,-1.201635,0.000494,-0.861984,0.175260,-1.110365,-0.182932,-1.127161
PRUEBA_1,prueba,1,25,0.000000,0.000000,0.000000,-0.040060,-0.027097,-0.015811,-0.074357,-0.071269,-0.026241,-0.101473,-0.110041,-0.035537,-0.128305,-0.132915,-0.045009,-0.055889,-0.172265,-0.014963,-0.071154,-0.243497,-0.027837,-0.079758,-0.287006,-0.038754,-0.086189,-0.326953,-0.047225,-0.029897,-0.187023,-0.018276,-0.034622,-0.271265,-0.029101,-0.036503,-0.322629,-0.038765,-0.038744,-0.369390,-0.046293,-0.004384,-0.182982,-0.023943,-0.004935,-0.265986,-0.037019,-0.005569,-0.317069,-0.045136,-0.008010,-0.364093,-0.050971,0.020433,-0.165255,-0.030851,0.027580,-0.226939,-0.042882,0.031654,-0.267379,-0.047084,0.033459,-0.306503,-0.049909,0.000000,0.000000,0.000000,0.000000,0.000000,0.000000,0.000000,0.000000,0.000000,0.000000,0.000000,0.000000,0.000000,0.000000,0.000000,0.000000,0.000000,0.000000,0.000000,0.000000,0.000000,0.000000,0.000000,0.000000,0.000000,0.000000,0.000000,0.000000,0.000000,0.000000,0.000000,0.000000,0.000000,0.000000,0.000000,0.000000,0.000000,0.000000,0.000000,0.000000,0.000000,0.000000,0.000000,0.000000,0.000000,0.000000,0.000000,0.000000,0.000000,0.000000,0.000000,0.000000,0.000000,0.000000,0.000000,0.000000,0.000000,0.000000,0.000000,0.000000,0.000000,0.000000,0.000000,0.836678,-0.322828,0.000000,0.000000,-0.003669,-1.023938,-0.002378,-1.201938,-0.000509,-0.862277,0.174654,-1.110684,-0.183059,-1.127441
PRUEBA_1,prueba,1,26,0.000000,0.000000,0.000000,-0.039671,-0.023221,-0.016514,-0.074120,-0.066032,-0.027106,-0.100991,-0.106059,-0.036292,-0.127959,-0.128324,-0.045669,-0.056310,-0.168341,-0.016654,-0.071524,-0.238797,-0.029296,-0.079871,-0.281964,-0.039892,-0.085930,-0.321938,-0.048208,-0.030280,-0.183776,-0.019436,-0.035050,-0.267577,-0.029924,-0.037095,-0.318615,-0.039228,-0.039348,-0.365505,-0.046635,-0.004663,-0.179428,-0.024474,-0.005002,-0.261782,-0.037354,-0.005561,-0.311985,-0.045370,-0.007880,-0.358732,-0.051255,0.020259,-0.161228,-0.030783,0.027707,-0.221983,-0.042993,0.031673,-0.261969,-0.047409,0.033485,-0.301307,-0.050415,0.000000,0.000000,0.000000,0.000000,0.000000,0.000000,0.000000,0.000000,0.000000,0.000000,0.000000,0.000000,0.000000,0.000000,0.000000,0.000000,0.000000,0.000000,0.000000,0.000000,0.000000,0.000000,0.000000,0.000000,0.000000,0.000000,0.000000,0.000000,0.000000,0.000000,0.000000,0.000000,0.000000,0.000000,0.000000,0.000000,0.000000,0.000000,0.000000,0.000000,0.000000,0.000000,0.000000,0.000000,0.000000,0.000000,0.000000,0.000000,0.000000,0.000000,0.000000,0.000000,0.000000,0.000000,0.000000,0.000000,0.000000,0.000000,0.000000,0.000000,0.000000,0.000000,0.000000,0.836361,-0.340138,0.000000,0.000000,-0.003677,-1.023413,-0.002474,-1.201888,-0.000514,-0.862020,0.174685,-1.110797,-0.183259,-1.127504
PRUEBA_1,prueba,1,27,0.000000,0.000000,0.000000,-0.039939,-0.024438,-0.016428,-0.074173,-0.067409,-0.027038,-0.101192,-0.106559,-0.036339,-0.127942,-0.129584,-0.045800,-0.055745,-0.169133,-0.015853,-0.071021,-0.239662,-0.028706,-0.079445,-0.282878,-0.039519,-0.085650,-0.322585,-0.047907,-0.029822,-0.184412,-0.018805,-0.034251,-0.268020,-0.029645,-0.036186,-0.319337,-0.039324,-0.038534,-0.366224,-0.046854,-0.004357,-0.180323,-0.024103,-0.004314,-0.262422,-0.037290,-0.004809,-0.313123,-0.045624,-0.007220,-0.360060,-0.051570,0.020259,-0.162356,-0.030645,0.028010,-0.223338,-0.042936,0.032162,-0.263360,-0.047379,0.033926,-0.302213,-0.050321,0.000000,0.000000,0.000000,0.000000,0.000000,0.000000,0.000000,0.000000,0.000000,0.000000,0.000000,0.000000,0.000000,0.000000,0.000000,0.000000,0.000000,0.000000,0.000000,0.000000,0.000000,0.000000,0.000000,0.000000,0.000000,0.000000,0.000000,0.000000,0.000000,0.000000,0.000000,0.000000,0.000000,0.000000,0.000000,0.000000,0.000000,0.000000,0.000000,0.000000,0.000000,0.000000,0.000000,0.000000,0.000000,0.000000,0.000000,0.000000,0.000000,0.000000,0.000000,0.000000,0.000000,0.000000,0.000000,0.000000,0.000000,0.000000,0.000000,0.000000,0.000000,0.000000,0.000000,0.835102,-0.334982,0.000000,0.000000,-0.002597,-1.021468,-0.001597,-1.199951,0.000343,-0.860366,0.174503,-1.109060,-0.181963,-1.126022
PRUEBA_1,prueba,1,28,0.000000,0.000000,0.000000,-0.039637,-0.024175,-0.016411,-0.074222,-0.067595,-0.027028,-0.101370,-0.106924,-0.036291,-0.128051,-0.130151,-0.045664,-0.056421,-0.169108,-0.016258,-0.071513,-0.239885,-0.029149,-0.079807,-0.283455,-0.039940,-0.085978,-0.323489,-0.048338,-0.030474,-0.184831,-0.019193,-0.035090,-0.268730,-0.030001,-0.036909,-0.320334,-0.039513,-0.039157,-0.367489,-0.046934,-0.004856,-0.180749,-0.024423,-0.004998,-0.263170,-0.037521,-0.005184,-0.313880,-0.045634,-0.007433,-0.360812,-0.051453,0.020190,-0.162595,-0.030902,0.027999,-0.223934,-0.043158,0.032054,-0.264124,-0.047521,0.033483,-0.303124,-0.050402,0.000000,0.000000,0.000000,0.000000,0.000000,0.000000,0.000000,0.000000,0.000000,0.000000,0.000000,0.000000,0.000000,0.000000,0.000000,0.000000,0.000000,0.000000,0.000000,0.000000,0.000000,0.000000,0.000000,0.000000,0.000000,0.000000,0.000000,0.000000,0.000000,0.000000,0.000000,0.000000,0.000000,0.000000,0.000000,0.000000,0.000000,0.000000,0.000000,0.000000,0.000000,0.000000,0.000000,0.000000,0.000000,0.000000,0.000000,0.000000,0.000000,0.000000,0.000000,0.000000,0.000000,0.000000,0.000000,0.000000,0.000000,0.000000,0.000000,0.000000,0.000000,0.000000,0.000000,0.837232,-0.334491,0.000000,0.000000,-0.003030,-1.022543,-0.002018,-1.201051,-0.000034,-0.861285,0.174230,-1.110056,-0.182494,-1.127052
PRUEBA_1,prueba,1,29,0.000000,0.000000,0.000000,-0.040332,-0.025068,-0.016231,-0.074756,-0.069476,-0.026509,-0.101833,-0.108483,-0.035499,-0.128312,-0.132475,-0.044533,-0.056166,-0.171964,-0.014555,-0.071119,-0.242920,-0.026638,-0.079678,-0.286125,-0.037034,-0.086193,-0.325423,-0.045206,-0.030113,-0.186937,-0.017510,-0.034595,-0.270884,-0.027582,-0.036222,-0.322291,-0.036874,-0.038211,-0.368162,-0.044190,-0.004628,-0.182499,-0.022878,-0.004808,-0.265143,-0.035398,-0.004793,-0.316064,-0.043495,-0.006735,-0.362495,-0.049375,0.020075,-0.164181,-0.029523,0.027671,-0.225809,-0.041294,0.031868,-0.266018,-0.045597,0.033686,-0.304386,-0.048513,0.000000,0.000000,0.000000,0.000000,0.000000,0.000000,0.000000,0.000000,0.000000,0.000000,0.000000,0.000000,0.000000,0.000000,0.000000,0.000000,0.000000,0.000000,0.000000,0.000000,0.000000,0.000000,0.000000,0.000000,0.000000,0.000000,0.000000,0.000000,0.000000,0.000000,0.000000,0.000000,0.000000,0.000000,0.000000,0.000000,0.000000,0.000000,0.000000,0.000000,0.000000,0.000000,0.000000,0.000000,0.000000,0.000000,0.000000,0.000000,0.000000,0.000000,0.000000,0.000000,0.000000,0.000000,0.000000,0.000000,0.000000,0.000000,0.000000,0.000000,0.000000,0.000000,0.000000,0.835216,-0.321229,0.000000,0.000000,0.000265,-1.019186,0.000965,-1.197375,0.002601,-0.858157,0.175631,-1.106935,-0.179339,-1.123915
PRUEBA_1,prueba,1,30,0.000000,0.000000,0.000000,-0.040321,-0.025116,-0.015836,-0.074754,-0.069812,-0.026001,-0.101741,-0.109099,-0.034924,-0.128467,-0.131606,-0.044036,-0.055637,-0.170947,-0.015271,-0.070605,-0.242068,-0.027687,-0.078996,-0.285159,-0.038189,-0.085286,-0.324883,-0.046424,-0.029423,-0.186045,-0.018415,-0.033910,-0.269484,-0.028612,-0.035549,-0.320212,-0.037941,-0.037412,-0.366535,-0.045364,-0.003774,-0.181412,-0.023835,-0.004207,-0.262953,-0.036316,-0.004376,-0.312988,-0.044143,-0.006244,-0.359589,-0.049927,0.020992,-0.162879,-0.030503,0.028037,-0.223405,-0.042195,0.032263,-0.262767,-0.046179,0.034396,-0.301059,-0.048903,0.000000,0.000000,0.000000,0.000000,0.000000,0.000000,0.000000,0.000000,0.000000,0.000000,0.000000,0.000000,0.000000,0.000000,0.000000,0.000000,0.000000,0.000000,0.000000,0.000000,0.000000,0.000000,0.000000,0.000000,0.000000,0.000000,0.000000,0.000000,0.000000,0.000000,0.000000,0.000000,0.000000,0.000000,0.000000,0.000000,0.000000,0.000000,0.000000,0.000000,0.000000,0.000000,0.000000,0.000000,0.000000,0.000000,0.000000,0.000000,0.000000,0.000000,0.000000,0.000000,0.000000,0.000000,0.000000,0.000000,0.000000,0.000000,0.000000,0.000000,0.000000,0.000000,0.000000,0.832881,-0.327385,0.000000,0.000000,0.000234,-1.021525,0.000854,-1.200303,0.002514,-0.860984,0.175410,-1.109819,-0.179550,-1.126641
PRUEBA_1,prueba,1,31,0.000000,0.000000,0.000000,-0.040197,-0.025047,-0.015855,-0.074672,-0.069184,-0.026109,-0.101668,-0.108444,-0.035079,-0.128298,-0.130996,-0.044198,-0.055672,-0.170137,-0.015572,-0.070726,-0.241217,-0.027957,-0.079020,-0.284379,-0.038400,-0.085137,-0.324112,-0.046589,-0.029515,-0.185326,-0.018634,-0.034106,-0.268498,-0.028825,-0.035879,-0.319324,-0.038109,-0.037846,-0.365777,-0.045499,-0.003896,-0.180831,-0.023940,-0.004258,-0.262404,-0.036393,-0.004491,-0.312338,-0.044241,-0.006449,-0.358789,-0.050039,0.020892,-0.162490,-0.030479,0.028156,-0.222977,-0.042184,0.032242,-0.262478,-0.046255,0.034126,-0.300987,-0.049024,0.000000,0.000000,0.000000,0.000000,0.000000,0.000000,0.000000,0.000000,0.000000,0.000000,0.000000,0.000000,0.000000,0.000000,0.000000,0.000000,0.000000,0.000000,0.000000,0.000000,0.000000,0.000000,0.000000,0.000000,0.000000,0.000000,0.000000,0.000000,0.000000,0.000000,0.000000,0.000000,0.000000,0.000000,0.000000,0.000000,0.000000,0.000000,0.000000,0.000000,0.000000,0.000000,0.000000,0.000000,0.000000,0.000000,0.000000,0.000000,0.000000,0.000000,0.000000,0.000000,0.000000,0.000000,0.000000,0.000000,0.000000,0.000000,0.000000,0.000000,0.000000,0.000000,0.000000,0.832939,-0.330390,0.000000,0.000000,0.000308,-1.021608,0.000981,-1.200411,0.002685,-0.861216,0.175435,-1.110243,-0.179467,-1.126900
PRUEBA_1,prueba,1,32,0.000000,0.000000,0.000000,-0.040079,-0.027001,-0.015427,-0.073638,-0.077677,-0.025923,-0.100498,-0.117729,-0.035564,-0.127115,-0.138824,-0.045556,-0.055916,-0.176677,-0.015108,-0.068995,-0.247754,-0.029051,-0.076334,-0.291293,-0.041074,-0.082017,-0.330502,-0.050318,-0.029143,-0.188969,-0.019422,-0.033106,-0.272673,-0.031188,-0.034045,-0.324015,-0.042076,-0.034754,-0.370143,-0.050250,-0.002391,-0.181843,-0.025958,-0.003227,-0.264121,-0.039787,-0.003059,-0.314459,-0.048244,-0.003858,-0.360548,-0.054128,0.023957,-0.160010,-0.033712,0.030939,-0.219877,-0.046584,0.035028,-0.258502,-0.050806,0.037426,-0.294921,-0.053379,0.000000,0.000000,0.000000,0.000000,0.000000,0.000000,0.000000,0.000000,0.000000,0.000000,0.000000,0.000000,0.000000,0.000000,0.000000,0.000000,0.000000,0.000000,0.000000,0.000000,0.000000,0.000000,0.000000,0.000000,0.000000,0.000000,0.000000,0.000000,0.000000,0.000000,0.000000,0.000000,0.000000,0.000000,0.000000,0.000000,0.000000,0.000000,0.000000,0.000000,0.000000,0.000000,0.000000,0.000000,0.000000,0.000000,0.000000,0.000000,0.000000,0.000000,0.000000,0.000000,0.000000,0.000000,0.000000,0.000000,0.000000,0.000000,0.000000,0.000000,0.000000,0.000000,0.000000,0.835532,-0.218328,0.000000,0.000000,-0.005194,-1.019969,-0.004049,-1.199158,-0.000950,-0.859395,0.172633,-1.110055,-0.181806,-1.126119
PRUEBA_1,prueba,2,0,0.000000,0.000000,0.000000,-0.032920,-0.020443,-0.011344,-0.061460,-0.058623,-0.018065,-0.081338,-0.094899,-0.024057,-0.099294,-0.116168,-0.030298,-0.046516,-0.129677,-0.012444,-0.059380,-0.187174,-0.022794,-0.065758,-0.224172,-0.030956,-0.070219,-0.255982,-0.036865,-0.025312,-0.141841,-0.015344,-0.029225,-0.209899,-0.024376,-0.030758,-0.253116,-0.032443,-0.031588,-0.289852,-0.038304,-0.004331,-0.140625,-0.019768,-0.004303,-0.207066,-0.030741,-0.004313,-0.249019,-0.038799,-0.004013,-0.283661,-0.044158,0.016473,-0.128613,-0.024867,0.025328,-0.179515,-0.035361,0.032102,-0.213032,-0.039954,0.037812,-0.241758,-0.042692,0.000000,0.000000,0.000000,0.030455,-0.029975,-0.011996,0.054185,-0.075877,-0.017515,0.071651,-0.119001,-0.022782,0.089346,-0.146142,-0.028076,0.038598,-0.156325,-0.007530,0.044796,-0.214972,-0.016562,0.045091,-0.251274,-0.025180,0.044386,-0.284632,-0.031923,0.017668,-0.167611,-0.009154,0.017557,-0.237481,-0.017068,0.015560,-0.279895,-0.025437,0.012650,-0.317588,-0.031685,-0.002480,-0.163569,-0.012470,-0.006010,-0.228785,-0.020869,-0.009333,-0.269991,-0.027595,-0.013086,-0.307520,-0.032377,-0.022778,-0.146793,-0.017021,-0.027904,-0.193962,-0.025102,-0.031932,-0.223370,-0.028461,-0.035956,-0.251984,-0.030350,0.888145,-0.716219,-0.982276,-0.633733,0.047025,-0.945782,0.041819,-1.125030,0.045893,-0.772323,0.213012,-1.060831,-0.167372,-1.060598
PRUEBA_1,prueba,2,1,0.000000,0.000000,0.000000,-0.033008,-0.022340,-0.010824,-0.061196,-0.061508,-0.017203,-0.081058,-0.097294,-0.022887,-0.099107,-0.119057,-0.028759,-0.047204,-0.133353,-0.010759,-0.059864,-0.191559,-0.020345,-0.066221,-0.228288,-0.028028,-0.070642,-0.259812,-0.033680,-0.025661,-0.146036,-0.013604,-0.029375,-0.214747,-0.021321,-0.031165,-0.256842,-0.028220,-0.032939,-0.292747,-0.033492,-0.004486,-0.144765,-0.018105,-0.003328,-0.212334,-0.027939,-0.003805,-0.253903,-0.034732,-0.004860,-0.289734,-0.039468,0.016623,-0.132286,-0.023358,0.026492,-0.183028,-0.033044,0.032930,-0.216442,-0.036935,0.037746,-0.246531,-0.039327,0.000000,0.000000,0.000000,0.030222,-0.031458,-0.010231,0.053908,-0.078525,-0.014956,0.071456,-0.120928,-0.019862,0.088657,-0.147427,-0.024838,0.037927,-0.157965,-0.005213,0.044096,-0.216175,-0.013910,0.044184,-0.252487,-0.022450,0.043460,-0.285002,-0.029097,0.016888,-0.169110,-0.007565,0.017102,-0.238405,-0.014897,0.015055,-0.280863,-0.022959,0.012118,-0.318089,-0.029068,-0.003140,-0.165831,-0.011580,-0.006772,-0.229776,-0.019070,-0.009898,-0.270999,-0.025406,-0.013376,-0.308167,-0.030193,-0.023199,-0.150090,-0.016780,-0.028953,-0.195575,-0.023770,-0.032928,-0.224022,-0.026561,-0.036793,-0.251653,-0.028314,0.885270,-0.701100,-0.973805,-0.625549,0.044691,-0.944211,0.037354,-1.121944,0.043667,-0.769740,0.205138,-1.057900,-0.170416,-1.056969
PRUEBA_1,prueba,2,2,0.000000,0.000000,0.000000,-0.033440,-0.023081,-0.010330,-0.062901,-0.063674,-0.016213,-0.082728,-0.102340,-0.021539,-0.101241,-0.124032,-0.026912,-0.047454,-0.139476,-0.010175,-0.059113,-0.200243,-0.019391,-0.064012,-0.238300,-0.026886,-0.067442,-0.271278,-0.032518,-0.025548,-0.152296,-0.013184,-0.027934,-0.223244,-0.020489,-0.027681,-0.267042,-0.027169,-0.027632,-0.304689,-0.032274,-0.003748,-0.150763,-0.017845,-0.002018,-0.220645,-0.027588,-0.000366,-0.262477,-0.034527,0.000515,-0.298433,-0.039295,0.018005,-0.137106,-0.023224,0.029182,-0.188326,-0.033191,0.037068,-0.221901,-0.037499,0.043109,-0.251803,-0.040079,0.000000,0.000000,0.000000,0.030324,-0.030704,-0.010431,0.053280,-0.077935,-0.015028,0.070414,-0.120508,-0.019778,0.086576,-0.148321,-0.024618,0.036206,-0.159513,-0.005097,0.042561,-0.217531,-0.013537,0.042962,-0.253786,-0.022087,0.042069,-0.286775,-0.028850,0.015412,-0.170157,-0.007354,0.015070,-0.239936,-0.014517,0.012848,-0.282357,-0.022685,0.009701,-0.319833,-0.028954,-0.004346,-0.165974,-0.011305,-0.007847,-0.230755,-0.018784,-0.011089,-0.272819,-0.025472,-0.014651,-0.311248,-0.030545,-0.023883,-0.149282,-0.016464,-0.029511,-0.195706,-0.023777,-0.033960,-0.224756,-0.026981,-0.038368,-0.253172,-0.029025,0.906877,-0.692463,-0.968558,-0.632659,0.044374,-0.949434,0.035975,-1.126279,0.042658,-0.778005,0.204568,-1.058416,-0.175975,-1.056377
PRUEBA_1,prueba,2,3,0.000000,0.000000,0.000000,-0.034566,-0.023896,-0.012826,-0.064147,-0.064532,-0.019563,-0.084742,-0.104419,-0.025308,-0.103414,-0.128775,-0.030971,-0.048452,-0.143030,-0.010892,-0.061040,-0.205062,-0.020373,-0.066516,-0.242880,-0.028114,-0.069803,-0.275998,-0.033932,-0.025469,-0.155645,-0.012883,-0.028432,-0.227553,-0.020393,-0.029121,-0.271110,-0.027503,-0.029839,-0.308395,-0.033048,-0.003381,-0.153823,-0.016872,-0.000880,-0.223540,-0.026894,-0.000544,-0.265707,-0.034106,-0.001227,-0.302020,-0.039129,0.018322,-0.140191,-0.021831,0.029819,-0.191779,-0.031932,0.036487,-0.226275,-0.036469,0.041092,-0.257537,-0.039311,0.000000,0.000000,0.000000,0.030785,-0.029956,-0.010376,0.054299,-0.077579,-0.015007,0.071589,-0.119879,-0.019865,0.088190,-0.146404,-0.024828,0.037085,-0.158209,-0.005112,0.044033,-0.214762,-0.013990,0.045135,-0.251104,-0.022705,0.044913,-0.283698,-0.029502,0.016140,-0.169298,-0.007526,0.016761,-0.238991,-0.015125,0.014965,-0.281532,-0.023412,0.011784,-0.319042,-0.029695,-0.003662,-0.165757,-0.011645,-0.006873,-0.229119,-0.019443,-0.010105,-0.270578,-0.026050,-0.014044,-0.308425,-0.031020,-0.023387,-0.149801,-0.016982,-0.028237,-0.195091,-0.024066,-0.032273,-0.223178,-0.026886,-0.036785,-0.250386,-0.028742,0.913490,-0.676405,-0.965280,-0.634841,0.043994,-0.948954,0.035133,-1.125366,0.041618,-0.777259,0.203184,-1.056210,-0.178049,-1.054439
PRUEBA_1,prueba,2,4,0.000000,0.000000,0.000000,-0.034649,-0.024149,-0.012630,-0.064246,-0.065033,-0.019244,-0.084694,-0.104736,-0.025016,-0.103415,-0.129088,-0.030742,-0.048613,-0.142949,-0.010234,-0.060694,-0.204948,-0.019873,-0.066099,-0.243148,-0.027783,-0.069368,-0.276511,-0.033747,-0.025706,-0.155705,-0.012411,-0.028587,-0.227910,-0.020192,-0.029254,-0.271467,-0.027368,-0.029972,-0.309119,-0.032945,-0.003615,-0.154062,-0.016640,-0.001556,-0.224875,-0.027011,-0.001076,-0.267126,-0.033980,-0.001554,-0.304066,-0.038825,0.018381,-0.140579,-0.021861,0.029931,-0.192460,-0.032088,0.036903,-0.226741,-0.036389,0.041873,-0.258213,-0.039095,0.000000,0.000000,0.000000,0.030608,-0.030963,-0.010194,0.053867,-0.078606,-0.014854,0.071204,-0.120229,-0.019796,0.088057,-0.146036,-0.024877,0.036725,-0.158315,-0.005005,0.043752,-0.215051,-0.013820,0.044858,-0.250848,-0.022567,0.044579,-0.283095,-0.029381,0.015831,-0.169036,-0.007514,0.016735,-0.238600,-0.014978,0.015208,-0.281158,-0.023273,0.012328,-0.318649,-0.029580,-0.004023,-0.165113,-0.011716,-0.007085,-0.229089,-0.019419,-0.010227,-0.271232,-0.026182,-0.014039,-0.309487,-0.031262,-0.023807,-0.148710,-0.017108,-0.028630,-0.194606,-0.024256,-0.032651,-0.223608,-0.027272,-0.037093,-0.251640,-0.029259,0.912024,-0.674108,-0.963516,-0.636934,0.041425,-0.951039,0.031335,-1.127127,0.040151,-0.777797,0.199008,-1.061356,-0.181142,-1.054707
PRUEBA_1,prueba,2,5,0.000000,0.000000,0.000000,-0.035257,-0.024529,-0.012465,-0.064516,-0.066368,-0.018850,-0.085109,-0.106864,-0.024437,-0.104452,-0.130851,-0.029938,-0.049155,-0.144268,-0.009350,-0.061446,-0.206716,-0.018621,-0.066891,-0.245298,-0.026317,-0.070063,-0.278875,-0.032180,-0.026080,-0.157295,-0.011481,-0.029168,-0.229576,-0.018967,-0.029776,-0.273549,-0.026130,-0.030294,-0.311307,-0.031712,-0.003713,-0.155881,-0.015681,-0.001834,-0.226664,-0.025884,-0.001364,-0.269430,-0.033039,-0.001724,-0.306750,-0.038014,0.018310,-0.142497,-0.020854,0.030136,-0.194267,-0.031006,0.037062,-0.229125,-0.035519,0.042089,-0.261217,-0.038377,0.000000,0.000000,0.000000,0.030955,-0.030600,-0.009749,0.054416,-0.077862,-0.014076,0.072247,-0.118795,-0.018789,0.089251,-0.143944,-0.023673,0.037698,-0.158153,-0.004424,0.044545,-0.214961,-0.013076,0.045965,-0.251858,-0.021718,0.046261,-0.285620,-0.028540,0.017094,-0.168985,-0.007060,0.018401,-0.237805,-0.014573,0.017272,-0.280616,-0.022880,0.014867,-0.319023,-0.029167,-0.002633,-0.165003,-0.011358,-0.005561,-0.228138,-0.019233,-0.008541,-0.269683,-0.025850,-0.012255,-0.307625,-0.030729,-0.022442,-0.148523,-0.016829,-0.027017,-0.194604,-0.024071,-0.030852,-0.223333,-0.026965,-0.035159,-0.251211,-0.028809,0.911864,-0.667898,-0.962885,-0.642778,0.040844,-0.955482,0.030883,-1.131325,0.038957,-0.784900,0.198056,-1.061347,-0.182400,-1.056503
PRUEBA_1,prueba,2,6,0.000000,0.000000,0.000000,-0.035003,-0.025318,-0.012722,-0.064071,-0.066974,-0.019339,-0.084756,-0.107129,-0.025139,-0.104108,-0.131416,-0.030907,-0.048681,-0.145861,-0.009694,-0.060718,-0.208155,-0.019266,-0.066308,-0.246519,-0.027254,-0.069796,-0.280238,-0.033352,-0.025488,-0.158897,-0.011843,-0.028359,-0.231022,-0.019673,-0.028942,-0.274719,-0.027068,-0.029559,-0.312590,-0.032812,-0.002926,-0.157283,-0.016089,-0.001118,-0.228086,-0.026623,-0.000471,-0.271122,-0.033844,-0.000705,-0.309014,-0.038840,0.019362,-0.143564,-0.021331,0.030829,-0.196034,-0.031709,0.037763,-0.230987,-0.036191,0.042742,-0.263325,-0.039015,0.000000,0.000000,0.000000,0.030849,-0.031410,-0.009666,0.054387,-0.078601,-0.014069,0.071967,-0.119580,-0.018814,0.089017,-0.144765,-0.023741,0.037382,-0.158298,-0.004817,0.044654,-0.215164,-0.013524,0.046054,-0.251395,-0.022201,0.046356,-0.284901,-0.029046,0.016392,-0.169276,-0.007584,0.017908,-0.238592,-0.015046,0.017415,-0.281506,-0.023292,0.015767,-0.319968,-0.029552,-0.003344,-0.165170,-0.011978,-0.006676,-0.228808,-0.019766,-0.009141,-0.270925,-0.026427,-0.012054,-0.309311,-0.031380,-0.022739,-0.148413,-0.017527,-0.027748,-0.195064,-0.024837,-0.031459,-0.224660,-0.027866,-0.035384,-0.253498,-0.029816,0.909928,-0.662558,-0.961638,-0.639068,0.039970,-0.954685,0.029616,-1.129998,0.038186,-0.783206,0.196359,-1.061356,-0.183273,-1.054772
PRUEBA_1,prueba,2,7,0.000000,0.000000,0.000000,-0.035072,-0.025609,-0.012749,-0.064377,-0.067456,-0.019334,-0.085138,-0.107809,-0.025126,-0.104475,-0.132279,-0.030866,-0.048890,-0.146616,-0.009161,-0.060970,-0.208572,-0.018702,-0.066466,-0.246781,-0.026817,-0.069820,-0.280646,-0.033061,-0.025767,-0.159873,-0.011300,-0.028687,-0.231517,-0.019122,-0.029343,-0.275083,-0.026613,-0.029985,-0.313149,-0.032463,-0.003273,-0.158263,-0.015581,-0.001499,-0.228878,-0.026082,-0.000826,-0.272009,-0.033262,-0.000962,-0.310235,-0.038283,0.019002,-0.144404,-0.020891,0.030301,-0.196331,-0.031223,0.037105,-0.231330,-0.035672,0.042045,-0.264078,-0.038520,0.000000,0.000000,0.000000,0.030792,-0.031738,-0.009687,0.054215,-0.079399,-0.014115,0.071870,-0.120462,-0.018916,0.089028,-0.145765,-0.023912,0.037357,-0.158865,-0.004694,0.044382,-0.215625,-0.013451,0.045770,-0.252000,-0.022234,0.046106,-0.285761,-0.029174,0.016549,-0.169779,-0.007495,0.018003,-0.238859,-0.014999,0.017252,-0.282080,-0.023336,0.015366,-0.320933,-0.029699,-0.003155,-0.165709,-0.011946,-0.006324,-0.229325,-0.019770,-0.009002,-0.271529,-0.026497,-0.012163,-0.310026,-0.031518,-0.022733,-0.148888,-0.017565,-0.027884,-0.195494,-0.024840,-0.031742,-0.225115,-0.027860,-0.035823,-0.253958,-0.029845,0.908717,-0.658378,-0.960137,-0.635069,0.039549,-0.955721,0.029329,-1.131380,0.037451,-0.785160,0.195696,-1.060890,-0.183722,-1.054873
PRUEBA_1,prueba,2,8,0.000000,0.000000,0.000000,-0.035075,-0.025521,-0.012333,-0.064384,-0.068250,-0.018527,-0.085030,-0.108909,-0.023935,-0.104260,-0.133835,-0.029243,-0.049137,-0.148516,-0.008684,-0.061354,-0.211706,-0.017742,-0.066592,-0.250322,-0.025416,-0.069638,-0.284108,-0.031307,-0.026047,-0.161654,-0.010798,-0.029099,-0.233641,-0.018097,-0.029537,-0.277240,-0.025220,-0.030073,-0.314901,-0.030809,-0.003464,-0.159970,-0.015024,-0.001522,-0.230582,-0.025053,-0.000852,-0.273481,-0.032183,-0.001138,-0.311156,-0.037187,0.018790,-0.146070,-0.020238,0.030317,-0.198176,-0.030267,0.037170,-0.233073,-0.034759,0.042130,-0.265437,-0.037631,0.000000,0.000000,0.000000,0.031166,-0.030545,-0.009955,0.055304,-0.078733,-0.014248,0.073387,-0.120757,-0.018815,0.090928,-0.145571,-0.023513,0.039193,-0.157816,-0.004539,0.045882,-0.215259,-0.012957,0.046542,-0.251303,-0.021418,0.046261,-0.283815,-0.028128,0.018183,-0.169168,-0.006989,0.019081,-0.239163,-0.014196,0.018021,-0.282181,-0.022338,0.015931,-0.320172,-0.028536,-0.001613,-0.165864,-0.011120,-0.004974,-0.229971,-0.018775,-0.007637,-0.272192,-0.025534,-0.010606,-0.310598,-0.030585,-0.021291,-0.149884,-0.016426,-0.026582,-0.196021,-0.023643,-0.030639,-0.224722,-0.026732,-0.034735,-0.252732,-0.028755,0.910382,-0.653638,-0.966509,-0.632602,0.038648,-0.955459,0.028822,-1.130929,0.036105,-0.782800,0.195488,-1.060004,-0.184364,-1.053770
PRUEBA_1,prueba,2,9,0.000000,0.000000,0.000000,-0.036459,-0.031209,-0.010064,-0.068574,-0.079243,-0.013915,-0.089862,-0.123744,-0.017388,-0.106003,-0.148717,-0.020563,-0.052875,-0.150936,-0.004335,-0.065345,-0.211415,-0.012632,-0.070579,-0.248467,-0.020159,-0.074192,-0.280613,-0.025868,-0.029797,-0.165551,-0.006557,-0.033575,-0.231752,-0.012529,-0.033344,-0.269552,-0.018518,-0.032747,-0.301501,-0.023171,-0.006716,-0.165451,-0.010837,-0.005962,-0.229577,-0.018737,-0.005667,-0.267338,-0.024250,-0.005403,-0.297387,-0.028140,0.016812,-0.152453,-0.016186,0.026021,-0.199331,-0.023918,0.032002,-0.229911,-0.026942,0.037098,-0.255204,-0.028753,0.000000,0.000000,0.000000,0.031159,-0.029792,-0.009953,0.055489,-0.078608,-0.014082,0.073800,-0.120664,-0.018451,0.091102,-0.145568,-0.023009,0.039588,-0.158575,-0.005067,0.046345,-0.216396,-0.013358,0.046840,-0.252726,-0.021694,0.046099,-0.285836,-0.028358,0.018763,-0.169842,-0.007576,0.019412,-0.240760,-0.014697,0.017739,-0.283814,-0.022811,0.014880,-0.321700,-0.029039,-0.001081,-0.166462,-0.011690,-0.004137,-0.231361,-0.019227,-0.007126,-0.273113,-0.025940,-0.010715,-0.310854,-0.031008,-0.020949,-0.150697,-0.016973,-0.025832,-0.197349,-0.024141,-0.029724,-0.225895,-0.027224,-0.033847,-0.253480,-0.029256,0.978305,-0.647937,-0.972071,-0.635199,0.036979,-0.954187,0.027135,-1.129765,0.035745,-0.780691,0.194274,-1.061522,-0.184713,-1.052815
PRUEBA_1,prueba,2,10,0.000000,0.000000,0.000000,-0.025607,-0.030001,-0.015772,-0.042734,-0.074577,-0.027440,-0.036822,-0.107365,-0.038304,-0.017233,-0.119541,-0.048943,-0.040844,-0.162528,-0.012795,-0.047191,-0.218772,-0.024744,-0.048457,-0.250547,-0.035853,-0.047730,-0.276777,-0.044284,-0.018784,-0.174509,-0.014393,-0.019869,-0.233226,-0.023610,-0.018556,-0.266967,-0.032845,-0.016218,-0.296489,-0.040058,0.003704,-0.171951,-0.018243,0.005432,-0.228197,-0.027144,0.008680,-0.262414,-0.031620,0.013666,-0.289716,-0.034820,0.027048,-0.158175,-0.023887,0.032008,-0.206477,-0.029711,0.036510,-0.238336,-0.029645,0.041056,-0.264850,-0.029633,0.000000,0.000000,0.000000,0.031263,-0.030005,-0.010180,0.055676,-0.079375,-0.014153,0.073546,-0.121955,-0.018320,0.091236,-0.146245,-0.022593,0.039449,-0.159033,-0.004484,0.046220,-0.217089,-0.012452,0.046683,-0.253595,-0.020556,0.045956,-0.286739,-0.027069,0.018368,-0.170343,-0.006760,0.019085,-0.241124,-0.013598,0.017522,-0.284005,-0.021457,0.014720,-0.321544,-0.027465,-0.001479,-0.166979,-0.010710,-0.004798,-0.231350,-0.017890,-0.007764,-0.272996,-0.024365,-0.011279,-0.310672,-0.029279,-0.021245,-0.151373,-0.015900,-0.026255,-0.197542,-0.022662,-0.029957,-0.226345,-0.025591,-0.033736,-0.254318,-0.027551,1.029208,-0.579253,-0.973869,-0.624362,0.039623,-0.948679,0.029503,-1.124300,0.037733,-0.777349,0.196126,-1.055550,-0.183261,-1.049804
PRUEBA_1,prueba,2,11,0.000000,0.000000,0.000000,-0.028832,-0.031802,-0.011277,-0.047597,-0.078134,-0.018813,-0.043678,-0.114066,-0.026141,-0.029458,-0.128199,-0.033137,-0.039251,-0.165099,-0.004256,-0.044442,-0.222979,-0.011738,-0.046026,-0.256255,-0.019960,-0.045939,-0.283628,-0.026739,-0.016506,-0.174729,-0.006922,-0.017381,-0.234834,-0.012306,-0.016467,-0.268821,-0.019854,-0.014428,-0.296203,-0.025950,0.006278,-0.169912,-0.011641,0.008107,-0.227816,-0.017876,0.010749,-0.261144,-0.022539,0.013904,-0.287929,-0.026168,0.029555,-0.152391,-0.017754,0.037291,-0.199630,-0.023046,0.042273,-0.227241,-0.023587,0.046660,-0.249250,-0.023866,0.000000,0.000000,0.000000,0.031143,-0.030244,-0.010249,0.055647,-0.079452,-0.014321,0.073729,-0.121985,-0.018570,0.091389,-0.146671,-0.022898,0.039692,-0.158933,-0.004563,0.046492,-0.217196,-0.012611,0.047009,-0.253988,-0.020777,0.046422,-0.287378,-0.027322,0.018675,-0.170514,-0.006786,0.019719,-0.241159,-0.013589,0.018241,-0.284139,-0.021400,0.015531,-0.321708,-0.027403,-0.001220,-0.167397,-0.010699,-0.004326,-0.231549,-0.017745,-0.007110,-0.273151,-0.024131,-0.010476,-0.310768,-0.029041,-0.021045,-0.152007,-0.015877,-0.025877,-0.198009,-0.022452,-0.029580,-0.226655,-0.025272,-0.033468,-0.254490,-0.027201,1.061094,-0.595274,-0.976393,-0.615308,0.040420,-0.944265,0.029993,-1.119597,0.037690,-0.771398,0.196120,-1.050946,-0.183106,-1.044829
PRUEBA_1,prueba,2,12,0.000000,0.000000,0.000000,0.000000,0.000000,0.000000,0.000000,0.000000,0.000000,0.000000,0.000000,0.000000,0.000000,0.000000,0.000000,0.000000,0.000000,0.000000,0.000000,0.000000,0.000000,0.000000,0.000000,0.000000,0.000000,0.000000,0.000000,0.000000,0.000000,0.000000,0.000000,0.000000,0.000000,0.000000,0.000000,0.000000,0.000000,0.000000,0.000000,0.000000,0.000000,0.000000,0.000000,0.000000,0.000000,0.000000,0.000000,0.000000,0.000000,0.000000,0.000000,0.000000,0.000000,0.000000,0.000000,0.000000,0.000000,0.000000,0.000000,0.000000,0.000000,0.000000,0.000000,0.000000,0.000000,0.000000,0.030744,-0.032689,-0.009766,0.054111,-0.081634,-0.014263,0.071225,-0.123858,-0.019142,0.089043,-0.148807,-0.024204,0.037554,-0.159539,-0.005038,0.044257,-0.217766,-0.013980,0.044475,-0.252656,-0.022774,0.042979,-0.284480,-0.029533,0.016078,-0.169311,-0.007805,0.016348,-0.237862,-0.015391,0.014278,-0.279769,-0.023637,0.010758,-0.317325,-0.029873,-0.003996,-0.164351,-0.012241,-0.007164,-0.227594,-0.019837,-0.009910,-0.268895,-0.026066,-0.013250,-0.307259,-0.030736,-0.023802,-0.147479,-0.017860,-0.028526,-0.194068,-0.024901,-0.032152,-0.224074,-0.027609,-0.036106,-0.253096,-0.029278,0.000000,0.000000,-0.985485,-0.601858,0.043394,-0.945124,0.031409,-1.121055,0.040621,-0.770311,0.194048,-1.051967,-0.181222,-1.045883
PRUEBA_1,prueba,2,13,0.000000,0.000000,0.000000,0.000000,0.000000,0.000000,0.000000,0.000000,0.000000,0.000000,0.000000,0.000000,0.000000,0.000000,0.000000,0.000000,0.000000,0.000000,0.000000,0.000000,0.000000,0.000000,0.000000,0.000000,0.000000,0.000000,0.000000,0.000000,0.000000,0.000000,0.000000,0.000000,0.000000,0.000000,0.000000,0.000000,0.000000,0.000000,0.000000,0.000000,0.000000,0.000000,0.000000,0.000000,0.000000,0.000000,0.000000,0.000000,0.000000,0.000000,0.000000,0.000000,0.000000,0.000000,0.000000,0.000000,0.000000,0.000000,0.000000,0.000000,0.000000,0.000000,0.000000,0.000000,0.000000,0.000000,0.031131,-0.031246,-0.009581,0.054633,-0.081447,-0.013342,0.072433,-0.123950,-0.017508,0.090247,-0.147706,-0.021776,0.037700,-0.157618,-0.003089,0.043805,-0.214968,-0.010768,0.043374,-0.250523,-0.018753,0.041480,-0.282084,-0.025123,0.017071,-0.168438,-0.005444,0.017239,-0.237273,-0.012007,0.014758,-0.279244,-0.019729,0.010918,-0.315368,-0.025572,-0.002594,-0.165084,-0.009504,-0.005626,-0.228839,-0.016441,-0.009176,-0.269723,-0.022743,-0.013564,-0.306189,-0.027469,-0.022186,-0.149703,-0.014739,-0.027284,-0.194628,-0.021355,-0.031851,-0.222985,-0.024128,-0.036872,-0.250061,-0.025883,0.000000,0.000000,-0.995963,-0.601448,0.049778,-0.954875,0.037169,-1.131234,0.046016,-0.782018,0.199922,-1.059580,-0.177553,-1.054084
PRUEBA_1,prueba,2,14,0.000000,0.000000,0.000000,0.000000,0.000000,0.000000,0.000000,0.000000,0.000000,0.000000,0.000000,0.000000,0.000000,0.000000,0.000000,0.000000,0.000000,0.000000,0.000000,0.000000,0.000000,0.000000,0.000000,0.000000,0.000000,0.000000,0.000000,0.000000,0.000000,0.000000,0.000000,0.000000,0.000000,0.000000,0.000000,0.000000,0.000000,0.000000,0.000000,0.000000,0.000000,0.000000,0.000000,0.000000,0.000000,0.000000,0.000000,0.000000,0.000000,0.000000,0.000000,0.000000,0.000000,0.000000,0.000000,0.000000,0.000000,0.000000,0.000000,0.000000,0.000000,0.000000,0.000000,0.000000,0.000000,0.000000,0.030986,-0.030590,-0.009604,0.054476,-0.080180,-0.013375,0.072031,-0.122770,-0.017510,0.089564,-0.147248,-0.021750,0.037430,-0.157073,-0.003325,0.043501,-0.214720,-0.010981,0.043016,-0.250572,-0.018904,0.041090,-0.282465,-0.025223,0.016791,-0.167956,-0.005617,0.016873,-0.237087,-0.012160,0.014392,-0.279191,-0.019877,0.010599,-0.315578,-0.025739,-0.002845,-0.164786,-0.009576,-0.005876,-0.228634,-0.016446,-0.009416,-0.269549,-0.022708,-0.013746,-0.306040,-0.027434,-0.022367,-0.149737,-0.014699,-0.027602,-0.194714,-0.021286,-0.032200,-0.223067,-0.024031,-0.037224,-0.250049,-0.025756,0.000000,0.000000,-1.000601,-0.600337,0.054103,-0.957051,0.040947,-1.135087,0.049600,-0.782328,0.203895,-1.062501,-0.176192,-1.056944
PRUEBA_1,prueba,2,15,0.000000,0.000000,0.000000,0.000000,0.000000,0.000000,0.000000,0.000000,0.000000,0.000000,0.000000,0.000000,0.000000,0.000000,0.000000,0.000000,0.000000,0.000000,0.000000,0.000000,0.000000,0.000000,0.000000,0.000000,0.000000,0.000000,0.000000,0.000000,0.000000,0.000000,0.000000,0.000000,0.000000,0.000000,0.000000,0.000000,0.000000,0.000000,0.000000,0.000000,0.000000,0.000000,0.000000,0.000000,0.000000,0.000000,0.000000,0.000000,0.000000,0.000000,0.000000,0.000000,0.000000,0.000000,0.000000,0.000000,0.000000,0.000000,0.000000,0.000000,0.000000,0.000000,0.000000,0.000000,0.000000,0.000000,0.030759,-0.030934,-0.010025,0.054188,-0.078163,-0.014338,0.071326,-0.120586,-0.018926,0.088175,-0.146495,-0.023636,0.036479,-0.156771,-0.004317,0.042762,-0.214500,-0.012536,0.042886,-0.250384,-0.020983,0.041627,-0.282885,-0.027623,0.015884,-0.167290,-0.006480,0.016273,-0.235780,-0.013330,0.013909,-0.277909,-0.021353,0.009994,-0.314900,-0.027559,-0.003605,-0.163852,-0.010302,-0.006173,-0.226731,-0.017301,-0.009459,-0.267674,-0.023640,-0.014025,-0.304226,-0.028505,-0.022945,-0.148528,-0.015324,-0.027739,-0.193661,-0.021869,-0.031961,-0.221877,-0.024531,-0.037065,-0.248370,-0.026254,0.000000,0.000000,-1.002136,-0.600418,0.057515,-0.963829,0.043721,-1.142403,0.052583,-0.789328,0.205961,-1.068529,-0.174811,-1.062626
PRUEBA_1,prueba,2,16,0.000000,0.000000,0.000000,0.000000,0.000000,0.000000,0.000000,0.000000,0.000000,0.000000,0.000000,0.000000,0.000000,0.000000,0.000000,0.000000,0.000000,0.000000,0.000000,0.000000,0.000000,0.000000,0.000000,0.000000,0.000000,0.000000,0.000000,0.000000,0.000000,0.000000,0.000000,0.000000,0.000000,0.000000,0.000000,0.000000,0.000000,0.000000,0.000000,0.000000,0.000000,0.000000,0.000000,0.000000,0.000000,0.000000,0.000000,0.000000,0.000000,0.000000,0.000000,0.000000,0.000000,0.000000,0.000000,0.000000,0.000000,0.000000,0.000000,0.000000,0.000000,0.000000,0.000000,0.000000,0.000000,0.000000,0.029369,-0.030566,-0.010657,0.052012,-0.076885,-0.015736,0.068807,-0.119074,-0.020952,0.085953,-0.145192,-0.026221,0.035093,-0.156725,-0.005305,0.041154,-0.212936,-0.013988,0.041715,-0.248468,-0.022685,0.041229,-0.281142,-0.029530,0.014631,-0.167682,-0.007460,0.015084,-0.236146,-0.014970,0.012999,-0.278297,-0.023298,0.009638,-0.316226,-0.029652,-0.004950,-0.164243,-0.011298,-0.007687,-0.227448,-0.019138,-0.010900,-0.268150,-0.025836,-0.015119,-0.305061,-0.030812,-0.024504,-0.148768,-0.016322,-0.029303,-0.194210,-0.023516,-0.033405,-0.221911,-0.026443,-0.038183,-0.248382,-0.028301,0.000000,0.000000,-0.987760,-0.601841,0.058220,-0.972627,0.044154,-1.150223,0.052992,-0.801648,0.205685,-1.071054,-0.175474,-1.065362
PRUEBA_1,prueba,2,17,0.000000,0.000000,0.000000,0.000000,0.000000,0.000000,0.000000,0.000000,0.000000,0.000000,0.000000,0.000000,0.000000,0.000000,0.000000,0.000000,0.000000,0.000000,0.000000,0.000000,0.000000,0.000000,0.000000,0.000000,0.000000,0.000000,0.000000,0.000000,0.000000,0.000000,0.000000,0.000000,0.000000,0.000000,0.000000,0.000000,0.000000,0.000000,0.000000,0.000000,0.000000,0.000000,0.000000,0.000000,0.000000,0.000000,0.000000,0.000000,0.000000,0.000000,0.000000,0.000000,0.000000,0.000000,0.000000,0.000000,0.000000,0.000000,0.000000,0.000000,0.000000,0.000000,0.000000,0.000000,0.000000,0.000000,0.030217,-0.031572,-0.010587,0.052925,-0.078744,-0.015322,0.069500,-0.120887,-0.020150,0.086759,-0.146162,-0.024993,0.035101,-0.157090,-0.004375,0.041778,-0.212859,-0.012609,0.042890,-0.248371,-0.021123,0.042857,-0.280617,-0.027810,0.014634,-0.167176,-0.006294,0.015552,-0.234702,-0.013227,0.013762,-0.276227,-0.021244,0.010710,-0.313152,-0.027422,-0.004872,-0.163580,-0.009967,-0.006953,-0.225790,-0.017097,-0.009357,-0.265996,-0.023414,-0.012664,-0.302106,-0.028206,-0.024623,-0.148527,-0.014892,-0.029052,-0.193608,-0.021296,-0.032503,-0.221925,-0.023880,-0.036391,-0.249101,-0.025614,0.000000,0.000000,-0.978597,-0.605435,0.059362,-0.974162,0.045466,-1.152872,0.053913,-0.799371,0.207513,-1.074379,-0.175807,-1.067001
PRUEBA_1,prueba,2,18,0.000000,0.000000,0.000000,0.000000,0.000000,0.000000,0.000000,0.000000,0.000000,0.000000,0.000000,0.000000,0.000000,0.000000,0.000000,0.000000,0.000000,0.000000,0.000000,0.000000,0.000000,0.000000,0.000000,0.000000,0.000000,0.000000,0.000000,0.000000,0.000000,0.000000,0.000000,0.000000,0.000000,0.000000,0.000000,0.000000,0.000000,0.000000,0.000000,0.000000,0.000000,0.000000,0.000000,0.000000,0.000000,0.000000,0.000000,0.000000,0.000000,0.000000,0.000000,0.000000,0.000000,0.000000,0.000000,0.000000,0.000000,0.000000,0.000000,0.000000,0.000000,0.000000,0.000000,0.000000,0.000000,0.000000,0.030242,-0.031636,-0.009974,0.052412,-0.079085,-0.014480,0.069217,-0.120490,-0.019279,0.086165,-0.144529,-0.024186,0.034599,-0.156114,-0.004405,0.041105,-0.213029,-0.012585,0.041976,-0.248411,-0.021004,0.041566,-0.280408,-0.027659,0.014131,-0.166493,-0.006636,0.014637,-0.234914,-0.013547,0.012288,-0.276425,-0.021625,0.008488,-0.312508,-0.027851,-0.005319,-0.162967,-0.010500,-0.007749,-0.225949,-0.017647,-0.010852,-0.266587,-0.024207,-0.015129,-0.302433,-0.029204,-0.024864,-0.147417,-0.015525,-0.029286,-0.192364,-0.022075,-0.032969,-0.220153,-0.024856,-0.037259,-0.246319,-0.026723,0.000000,0.000000,-0.976122,-0.608140,0.062430,-0.974873,0.046922,-1.153852,0.055293,-0.800209,0.207600,-1.075375,-0.175925,-1.066377
PRUEBA_1,prueba,2,19,0.000000,0.000000,0.000000,0.000000,0.000000,0.000000,0.000000,0.000000,0.000000,0.000000,0.000000,0.000000,0.000000,0.000000,0.000000,0.000000,0.000000,0.000000,0.000000,0.000000,0.000000,0.000000,0.000000,0.000000,0.000000,0.000000,0.000000,0.000000,0.000000,0.000000,0.000000,0.000000,0.000000,0.000000,0.000000,0.000000,0.000000,0.000000,0.000000,0.000000,0.000000,0.000000,0.000000,0.000000,0.000000,0.000000,0.000000,0.000000,0.000000,0.000000,0.000000,0.000000,0.000000,0.000000,0.000000,0.000000,0.000000,0.000000,0.000000,0.000000,0.000000,0.000000,0.000000,0.000000,0.000000,0.000000,0.030799,-0.029354,-0.010640,0.054475,-0.075495,-0.015478,0.071222,-0.118235,-0.020404,0.087537,-0.145713,-0.025320,0.037159,-0.154326,-0.004968,0.043959,-0.211144,-0.013629,0.044793,-0.247301,-0.022201,0.044559,-0.279354,-0.028854,0.016050,-0.165454,-0.007025,0.016427,-0.234637,-0.014417,0.014905,-0.276906,-0.022684,0.012280,-0.314142,-0.028925,-0.003661,-0.162402,-0.010778,-0.006357,-0.225120,-0.018363,-0.008769,-0.266072,-0.024921,-0.011846,-0.303308,-0.029811,-0.022946,-0.147262,-0.015748,-0.027417,-0.192101,-0.022727,-0.031157,-0.220105,-0.025567,-0.035397,-0.247211,-0.027358,0.000000,0.000000,-0.977211,-0.595043,0.071778,-0.970894,0.054478,-1.149535,0.062009,-0.792918,0.209381,-1.072524,-0.174463,-1.062556
PRUEBA_1,prueba,2,20,0.000000,0.000000,0.000000,0.000000,0.000000,0.000000,0.000000,0.000000,0.000000,0.000000,0.000000,0.000000,0.000000,0.000000,0.000000,0.000000,0.000000,0.000000,0.000000,0.000000,0.000000,0.000000,0.000000,0.000000,0.000000,0.000000,0.000000,0.000000,0.000000,0.000000,0.000000,0.000000,0.000000,0.000000,0.000000,0.000000,0.000000,0.000000,0.000000,0.000000,0.000000,0.000000,0.000000,0.000000,0.000000,0.000000,0.000000,0.000000,0.000000,0.000000,0.000000,0.000000,0.000000,0.000000,0.000000,0.000000,0.000000,0.000000,0.000000,0.000000,0.000000,0.000000,0.000000,0.000000,0.000000,0.000000,0.030177,-0.030345,-0.010500,0.053139,-0.076611,-0.015478,0.069990,-0.118718,-0.020557,0.086801,-0.144512,-0.025744,0.036166,-0.153784,-0.006322,0.043352,-0.211263,-0.015020,0.044103,-0.247136,-0.023393,0.043684,-0.279818,-0.030002,0.015358,-0.164366,-0.008650,0.016157,-0.234460,-0.016220,0.014518,-0.277243,-0.024397,0.011616,-0.314947,-0.030615,-0.004146,-0.160361,-0.012544,-0.007277,-0.224009,-0.020327,-0.009897,-0.265970,-0.027030,-0.013183,-0.303771,-0.032072,-0.023364,-0.144359,-0.017600,-0.028380,-0.189870,-0.024924,-0.031981,-0.218912,-0.028096,-0.035784,-0.246822,-0.030174,0.000000,0.000000,-0.974764,-0.592024,0.071396,-0.970595,0.054648,-1.149192,0.061573,-0.791488,0.210118,-1.072512,-0.174071,-1.062563
PRUEBA_1,prueba,2,21,0.000000,0.000000,0.000000,0.000000,0.000000,0.000000,0.000000,0.000000,0.000000,0.000000,0.000000,0.000000,0.000000,0.000000,0.000000,0.000000,0.000000,0.000000,0.000000,0.000000,0.000000,0.000000,0.000000,0.000000,0.000000,0.000000,0.000000,0.000000,0.000000,0.000000,0.000000,0.000000,0.000000,0.000000,0.000000,0.000000,0.000000,0.000000,0.000000,0.000000,0.000000,0.000000,0.000000,0.000000,0.000000,0.000000,0.000000,0.000000,0.000000,0.000000,0.000000,0.000000,0.000000,0.000000,0.000000,0.000000,0.000000,0.000000,0.000000,0.000000,0.000000,0.000000,0.000000,0.000000,0.000000,0.000000,0.030118,-0.030173,-0.010596,0.053210,-0.076771,-0.015530,0.070155,-0.118947,-0.020565,0.086952,-0.144517,-0.025697,0.036315,-0.153732,-0.006178,0.043340,-0.211191,-0.014826,0.044025,-0.247172,-0.023203,0.043572,-0.279878,-0.029828,0.015581,-0.164425,-0.008436,0.016419,-0.234483,-0.015947,0.014677,-0.277349,-0.024164,0.011718,-0.314930,-0.030420,-0.003922,-0.160643,-0.012283,-0.006877,-0.224307,-0.020045,-0.009615,-0.266142,-0.026831,-0.013002,-0.303686,-0.031931,-0.023237,-0.144834,-0.017306,-0.028271,-0.190404,-0.024614,-0.032104,-0.219185,-0.027813,-0.036145,-0.246841,-0.029914,0.000000,0.000000,-0.977048,-0.592772,0.073690,-0.973181,0.057078,-1.152447,0.062971,-0.793781,0.212313,-1.074903,-0.173567,-1.065546
PRUEBA_1,prueba,2,22,0.000000,0.000000,0.000000,0.000000,0.000000,0.000000,0.000000,0.000000,0.000000,0.000000,0.000000,0.000000,0.000000,0.000000,0.000000,0.000000,0.000000,0.000000,0.000000,0.000000,0.000000,0.000000,0.000000,0.000000,0.000000,0.000000,0.000000,0.000000,0.000000,0.000000,0.000000,0.000000,0.000000,0.000000,0.000000,0.000000,0.000000,0.000000,0.000000,0.000000,0.000000,0.000000,0.000000,0.000000,0.000000,0.000000,0.000000,0.000000,0.000000,0.000000,0.000000,0.000000,0.000000,0.000000,0.000000,0.000000,0.000000,0.000000,0.000000,0.000000,0.000000,0.000000,0.000000,0.000000,0.000000,0.000000,0.029879,-0.030097,-0.010894,0.053293,-0.077701,-0.015717,0.070490,-0.120281,-0.020562,0.087545,-0.145907,-0.025445,0.037043,-0.154409,-0.005692,0.043578,-0.211218,-0.014299,0.043923,-0.246755,-0.022696,0.043173,-0.278406,-0.029274,0.016027,-0.165043,-0.007701,0.016301,-0.234207,-0.015163,0.014534,-0.276365,-0.023251,0.011787,-0.313247,-0.029320,-0.003604,-0.161179,-0.011413,-0.006914,-0.224398,-0.019104,-0.009552,-0.266086,-0.025630,-0.012521,-0.303909,-0.030490,-0.022931,-0.145176,-0.016357,-0.027951,-0.190422,-0.023562,-0.031641,-0.219565,-0.026611,-0.035386,-0.247945,-0.028570,0.000000,0.000000,-0.981771,-0.583531,0.073372,-0.976960,0.056670,-1.156362,0.062593,-0.800235,0.212111,-1.076538,-0.174301,-1.066570
PRUEBA_1,prueba,2,23,0.000000,0.000000,0.000000,0.000000,0.000000,0.000000,0.000000,0.000000,0.000000,0.000000,0.000000,0.000000,0.000000,0.000000,0.000000,0.000000,0.000000,0.000000,0.000000,0.000000,0.000000,0.000000,0.000000,0.000000,0.000000,0.000000,0.000000,0.000000,0.000000,0.000000,0.000000,0.000000,0.000000,0.000000,0.000000,0.000000,0.000000,0.000000,0.000000,0.000000,0.000000,0.000000,0.000000,0.000000,0.000000,0.000000,0.000000,0.000000,0.000000,0.000000,0.000000,0.000000,0.000000,0.000000,0.000000,0.000000,0.000000,0.000000,0.000000,0.000000,0.000000,0.000000,0.000000,0.000000,0.000000,0.000000,0.030122,-0.030692,-0.010355,0.053215,-0.078727,-0.014996,0.069999,-0.121645,-0.019743,0.087149,-0.147324,-0.024592,0.036701,-0.155090,-0.005518,0.042960,-0.211734,-0.014175,0.043215,-0.247371,-0.022591,0.042372,-0.279254,-0.029207,0.015413,-0.165584,-0.007904,0.015397,-0.234779,-0.015477,0.013595,-0.276938,-0.023564,0.010789,-0.314097,-0.029623,-0.004346,-0.161339,-0.011940,-0.007911,-0.224782,-0.019764,-0.010816,-0.266815,-0.026223,-0.014018,-0.305137,-0.030997,-0.023664,-0.144925,-0.017151,-0.028746,-0.190871,-0.024521,-0.032393,-0.220717,-0.027599,-0.036074,-0.249839,-0.029541,0.000000,0.000000,-0.979869,-0.569384,0.071728,-0.976836,0.055751,-1.156181,0.061085,-0.800177,0.212348,-1.076723,-0.173693,-1.067741
PRUEBA_1,prueba,2,24,0.000000,0.000000,0.000000,0.000000,0.000000,0.000000,0.000000,0.000000,0.000000,0.000000,0.000000,0.000000,0.000000,0.000000,0.000000,0.000000,0.000000,0.000000,0.000000,0.000000,0.000000,0.000000,0.000000,0.000000,0.000000,0.000000,0.000000,0.000000,0.000000,0.000000,0.000000,0.000000,0.000000,0.000000,0.000000,0.000000,0.000000,0.000000,0.000000,0.000000,0.000000,0.000000,0.000000,0.000000,0.000000,0.000000,0.000000,0.000000,0.000000,0.000000,0.000000,0.000000,0.000000,0.000000,0.000000,0.000000,0.000000,0.000000,0.000000,0.000000,0.000000,0.000000,0.000000,0.000000,0.000000,0.000000,0.030240,-0.030389,-0.010545,0.053208,-0.076800,-0.015338,0.070278,-0.119324,-0.020291,0.087033,-0.145656,-0.025298,0.036723,-0.154708,-0.004946,0.042973,-0.211302,-0.013539,0.043078,-0.246574,-0.022069,0.042071,-0.278273,-0.028741,0.015770,-0.165282,-0.007107,0.016174,-0.233389,-0.014454,0.014314,-0.275468,-0.022657,0.011431,-0.312769,-0.028913,-0.003927,-0.161411,-0.010994,-0.007002,-0.224070,-0.018616,-0.010086,-0.265551,-0.025160,-0.013580,-0.303338,-0.030065,-0.023307,-0.145600,-0.016098,-0.027905,-0.191120,-0.023225,-0.031613,-0.220280,-0.026223,-0.035627,-0.248657,-0.028162,0.000000,0.000000,-0.984844,-0.561095,0.062286,-0.972198,0.049871,-1.152016,0.055271,-0.793460,0.212302,-1.072807,-0.174407,-1.063954
PRUEBA_1,prueba,2,25,0.000000,0.000000,0.000000,0.000000,0.000000,0.000000,0.000000,0.000000,0.000000,0.000000,0.000000,0.000000,0.000000,0.000000,0.000000,0.000000,0.000000,0.000000,0.000000,0.000000,0.000000,0.000000,0.000000,0.000000,0.000000,0.000000,0.000000,0.000000,0.000000,0.000000,0.000000,0.000000,0.000000,0.000000,0.000000,0.000000,0.000000,0.000000,0.000000,0.000000,0.000000,0.000000,0.000000,0.000000,0.000000,0.000000,0.000000,0.000000,0.000000,0.000000,0.000000,0.000000,0.000000,0.000000,0.000000,0.000000,0.000000,0.000000,0.000000,0.000000,0.000000,0.000000,0.000000,0.000000,0.000000,0.000000,0.030268,-0.029990,-0.010971,0.053166,-0.076142,-0.015953,0.070096,-0.118742,-0.021010,0.087033,-0.144965,-0.026113,0.036492,-0.154682,-0.005407,0.042665,-0.211283,-0.014073,0.042714,-0.246499,-0.022664,0.041710,-0.278455,-0.029420,0.015557,-0.165113,-0.007392,0.015879,-0.232982,-0.014896,0.013983,-0.274992,-0.023212,0.011171,-0.312471,-0.029545,-0.004108,-0.160956,-0.011121,-0.007137,-0.223671,-0.018937,-0.010144,-0.265190,-0.025629,-0.013514,-0.303130,-0.030611,-0.023460,-0.144937,-0.016092,-0.028029,-0.190523,-0.023511,-0.031867,-0.219810,-0.026743,-0.035992,-0.248398,-0.028809,0.000000,0.000000,-0.983957,-0.560618,0.059362,-0.970931,0.047435,-1.150726,0.052968,-0.791445,0.212216,-1.071897,-0.174371,-1.063262
PRUEBA_1,prueba,2,26,0.000000,0.000000,0.000000,0.000000,0.000000,0.000000,0.000000,0.000000,0.000000,0.000000,0.000000,0.000000,0.000000,0.000000,0.000000,0.000000,0.000000,0.000000,0.000000,0.000000,0.000000,0.000000,0.000000,0.000000,0.000000,0.000000,0.000000,0.000000,0.000000,0.000000,0.000000,0.000000,0.000000,0.000000,0.000000,0.000000,0.000000,0.000000,0.000000,0.000000,0.000000,0.000000,0.000000,0.000000,0.000000,0.000000,0.000000,0.000000,0.000000,0.000000,0.000000,0.000000,0.000000,0.000000,0.000000,0.000000,0.000000,0.000000,0.000000,0.000000,0.000000,0.000000,0.000000,0.000000,0.000000,0.000000,0.030627,-0.031248,-0.009885,0.053339,-0.078660,-0.014477,0.070368,-0.120530,-0.019315,0.087630,-0.145493,-0.024261,0.036509,-0.154848,-0.005103,0.042711,-0.211701,-0.013488,0.042575,-0.246834,-0.021808,0.041218,-0.278818,-0.028401,0.015409,-0.165415,-0.007595,0.015058,-0.234398,-0.014835,0.012964,-0.276091,-0.022786,0.010035,-0.313143,-0.028806,-0.004290,-0.161599,-0.011668,-0.007768,-0.225175,-0.019113,-0.010824,-0.266400,-0.025434,-0.014095,-0.304076,-0.030170,-0.023503,-0.145500,-0.016882,-0.028730,-0.190850,-0.023991,-0.032385,-0.219997,-0.026936,-0.035970,-0.248242,-0.028770,0.000000,0.000000,-0.988023,-0.556051,0.058907,-0.972388,0.046706,-1.152566,0.051838,-0.794234,0.212245,-1.073394,-0.174864,-1.064892
PRUEBA_1,prueba,2,27,0.000000,0.000000,0.000000,0.000000,0.000000,0.000000,0.000000,0.000000,0.000000,0.000000,0.000000,0.000000,0.000000,0.000000,0.000000,0.000000,0.000000,0.000000,0.000000,0.000000,0.000000,0.000000,0.000000,0.000000,0.000000,0.000000,0.000000,0.000000,0.000000,0.000000,0.000000,0.000000,0.000000,0.000000,0.000000,0.000000,0.000000,0.000000,0.000000,0.000000,0.000000,0.000000,0.000000,0.000000,0.000000,0.000000,0.000000,0.000000,0.000000,0.000000,0.000000,0.000000,0.000000,0.000000,0.000000,0.000000,0.000000,0.000000,0.000000,0.000000,0.000000,0.000000,0.000000,0.000000,0.000000,0.000000,0.030592,-0.031907,-0.009807,0.053415,-0.080227,-0.014336,0.070586,-0.122834,-0.019128,0.087969,-0.147725,-0.024033,0.036161,-0.155696,-0.005026,0.042121,-0.213669,-0.013333,0.042134,-0.249274,-0.021606,0.040955,-0.281315,-0.028125,0.015157,-0.165768,-0.007534,0.014437,-0.235457,-0.014629,0.012133,-0.277469,-0.022556,0.008837,-0.314494,-0.028546,-0.004479,-0.161864,-0.011606,-0.007994,-0.225879,-0.018841,-0.011057,-0.267207,-0.025050,-0.014638,-0.304576,-0.029699,-0.023710,-0.145853,-0.016821,-0.029015,-0.191495,-0.023667,-0.033095,-0.220668,-0.026400,-0.037407,-0.248611,-0.028070,0.000000,0.000000,-0.990561,-0.542652,0.061610,-0.969881,0.048463,-1.150418,0.054008,-0.790316,0.213389,-1.071565,-0.174151,-1.063042
PRUEBA_1,prueba,2,28,0.000000,0.000000,0.000000,0.000000,0.000000,0.000000,0.000000,0.000000,0.000000,0.000000,0.000000,0.000000,0.000000,0.000000,0.000000,0.000000,0.000000,0.000000,0.000000,0.000000,0.000000,0.000000,0.000000,0.000000,0.000000,0.000000,0.000000,0.000000,0.000000,0.000000,0.000000,0.000000,0.000000,0.000000,0.000000,0.000000,0.000000,0.000000,0.000000,0.000000,0.000000,0.000000,0.000000,0.000000,0.000000,0.000000,0.000000,0.000000,0.000000,0.000000,0.000000,0.000000,0.000000,0.000000,0.000000,0.000000,0.000000,0.000000,0.000000,0.000000,0.000000,0.000000,0.000000,0.000000,0.000000,0.000000,0.030631,-0.030955,-0.010082,0.053663,-0.078874,-0.014650,0.070868,-0.121530,-0.019437,0.088311,-0.146133,-0.024346,0.036278,-0.154658,-0.005223,0.042325,-0.212334,-0.013477,0.042358,-0.248018,-0.021696,0.041275,-0.280235,-0.028216,0.015474,-0.165101,-0.007456,0.015002,-0.234533,-0.014531,0.012768,-0.276667,-0.022404,0.009570,-0.313590,-0.028404,-0.004011,-0.161682,-0.011277,-0.007449,-0.225626,-0.018552,-0.010524,-0.266806,-0.024919,-0.014167,-0.303695,-0.029721,-0.023003,-0.146247,-0.016265,-0.028248,-0.191631,-0.023143,-0.032649,-0.220122,-0.026027,-0.037468,-0.247187,-0.027861,0.000000,0.000000,-0.990821,-0.545675,0.059588,-0.970151,0.047212,-1.150746,0.052131,-0.790264,0.213640,-1.072049,-0.174432,-1.063541
PRUEBA_1,prueba,2,29,0.000000,0.000000,0.000000,0.000000,0.000000,0.000000,0.000000,0.000000,0.000000,0.000000,0.000000,0.000000,0.000000,0.000000,0.000000,0.000000,0.000000,0.000000,0.000000,0.000000,0.000000,0.000000,0.000000,0.000000,0.000000,0.000000,0.000000,0.000000,0.000000,0.000000,0.000000,0.000000,0.000000,0.000000,0.000000,0.000000,0.000000,0.000000,0.000000,0.000000,0.000000,0.000000,0.000000,0.000000,0.000000,0.000000,0.000000,0.000000,0.000000,0.000000,0.000000,0.000000,0.000000,0.000000,0.000000,0.000000,0.000000,0.000000,0.000000,0.000000,0.000000,0.000000,0.000000,0.000000,0.000000,0.000000,0.030422,-0.031464,-0.009658,0.053332,-0.079589,-0.014005,0.070270,-0.121766,-0.018646,0.087746,-0.146615,-0.023505,0.036321,-0.154486,-0.005139,0.042311,-0.212200,-0.013556,0.042300,-0.247615,-0.021782,0.041004,-0.279702,-0.028300,0.015099,-0.164332,-0.007842,0.014470,-0.233650,-0.015243,0.012206,-0.275035,-0.023319,0.008929,-0.311899,-0.029423,-0.004717,-0.159928,-0.012090,-0.008066,-0.223643,-0.019759,-0.011218,-0.265015,-0.026100,-0.014883,-0.303133,-0.030826,-0.024247,-0.143691,-0.017439,-0.028950,-0.189663,-0.024724,-0.032323,-0.218851,-0.027601,-0.036020,-0.247286,-0.029390,0.000000,0.000000,-0.995820,-0.539378,0.058044,-0.968036,0.045788,-1.149102,0.050778,-0.786686,0.213051,-1.072577,-0.175225,-1.063734
PRUEBA_1,prueba,2,30,0.000000,0.000000,0.000000,0.000000,0.000000,0.000000,0.000000,0.000000,0.000000,0.000000,0.000000,0.000000,0.000000,0.000000,0.000000,0.000000,0.000000,0.000000,0.000000,0.000000,0.000000,0.000000,0.000000,0.000000,0.000000,0.000000,0.000000,0.000000,0.000000,0.000000,0.000000,0.000000,0.000000,0.000000,0.000000,0.000000,0.000000,0.000000,0.000000,0.000000,0.000000,0.000000,0.000000,0.000000,0.000000,0.000000,0.000000,0.000000,0.000000,0.000000,0.000000,0.000000,0.000000,0.000000,0.000000,0.000000,0.000000,0.000000,0.000000,0.000000,0.000000,0.000000,0.000000,0.000000,0.000000,0.000000,0.030420,-0.031164,-0.009758,0.053429,-0.078730,-0.013958,0.070114,-0.121078,-0.018446,0.086877,-0.145855,-0.023118,0.035743,-0.154783,-0.004584,0.041564,-0.212002,-0.012783,0.041656,-0.247515,-0.021065,0.040590,-0.279777,-0.027674,0.015088,-0.164798,-0.007035,0.014860,-0.233149,-0.014145,0.012617,-0.275033,-0.022222,0.009357,-0.312319,-0.028422,-0.004259,-0.160877,-0.011090,-0.007498,-0.223709,-0.018468,-0.010578,-0.264840,-0.024980,-0.014267,-0.302118,-0.029910,-0.023355,-0.145088,-0.016300,-0.028376,-0.190287,-0.023286,-0.032429,-0.218589,-0.026249,-0.036936,-0.245824,-0.028187,0.000000,0.000000,-0.994270,-0.537093,0.058348,-0.964996,0.046153,-1.147079,0.051139,-0.783637,0.213664,-1.071714,-0.174304,-1.064532
PRUEBA_1,prueba,2,31,0.000000,0.000000,0.000000,0.000000,0.000000,0.000000,0.000000,0.000000,0.000000,0.000000,0.000000,0.000000,0.000000,0.000000,0.000000,0.000000,0.000000,0.000000,0.000000,0.000000,0.000000,0.000000,0.000000,0.000000,0.000000,0.000000,0.000000,0.000000,0.000000,0.000000,0.000000,0.000000,0.000000,0.000000,0.000000,0.000000,0.000000,0.000000,0.000000,0.000000,0.000000,0.000000,0.000000,0.000000,0.000000,0.000000,0.000000,0.000000,0.000000,0.000000,0.000000,0.000000,0.000000,0.000000,0.000000,0.000000,0.000000,0.000000,0.000000,0.000000,0.000000,0.000000,0.000000,0.000000,0.000000,0.000000,0.030264,-0.031502,-0.010097,0.053074,-0.078336,-0.014581,0.070267,-0.120132,-0.019298,0.087110,-0.145221,-0.024138,0.035484,-0.155803,-0.004739,0.041182,-0.212716,-0.012920,0.041245,-0.247915,-0.021275,0.040325,-0.280051,-0.027929,0.014792,-0.165601,-0.006972,0.014565,-0.232916,-0.013934,0.012477,-0.274371,-0.021998,0.009579,-0.311525,-0.028243,-0.004605,-0.161276,-0.010849,-0.007572,-0.223025,-0.018060,-0.010570,-0.263581,-0.024547,-0.014032,-0.300488,-0.029504,-0.023634,-0.145147,-0.015928,-0.028539,-0.189405,-0.022800,-0.032661,-0.217219,-0.025744,-0.037220,-0.244095,-0.027668,0.000000,0.000000,-0.994601,-0.543036,0.058949,-0.975189,0.046336,-1.154774,0.051288,-0.795721,0.213505,-1.076839,-0.174445,-1.068665
PRUEBA_1,prueba,2,32,0.000000,0.000000,0.000000,0.000000,0.000000,0.000000,0.000000,0.000000,0.000000,0.000000,0.000000,0.000000,0.000000,0.000000,0.000000,0.000000,0.000000,0.000000,0.000000,0.000000,0.000000,0.000000,0.000000,0.000000,0.000000,0.000000,0.000000,0.000000,0.000000,0.000000,0.000000,0.000000,0.000000,0.000000,0.000000,0.000000,0.000000,0.000000,0.000000,0.000000,0.000000,0.000000,0.000000,0.000000,0.000000,0.000000,0.000000,0.000000,0.000000,0.000000,0.000000,0.000000,0.000000,0.000000,0.000000,0.000000,0.000000,0.000000,0.000000,0.000000,0.000000,0.000000,0.000000,0.000000,0.000000,0.000000,0.030432,-0.031590,-0.009801,0.053165,-0.078350,-0.014132,0.070262,-0.120003,-0.018742,0.086889,-0.144894,-0.023508,0.035629,-0.155267,-0.004589,0.041296,-0.212118,-0.012726,0.041398,-0.247332,-0.021046,0.040522,-0.279425,-0.027681,0.014892,-0.165152,-0.006940,0.014629,-0.232561,-0.013873,0.012537,-0.274081,-0.021923,0.009624,-0.311189,-0.028161,-0.004518,-0.160877,-0.010902,-0.007500,-0.222620,-0.018077,-0.010458,-0.263257,-0.024579,-0.013938,-0.300172,-0.029557,-0.023563,-0.144731,-0.016033,-0.028460,-0.189063,-0.022868,-0.032578,-0.216912,-0.025799,-0.037169,-0.243769,-0.027729,0.000000,0.000000,-0.993648,-0.543335,0.060518,-0.973939,0.047663,-1.153694,0.052482,-0.794470,0.214646,-1.075790,-0.173471,-1.068639
PRUEBA_1,prueba,2,33,0.000000,0.000000,0.000000,0.000000,0.000000,0.000000,0.000000,0.000000,0.000000,0.000000,0.000000,0.000000,0.000000,0.000000,0.000000,0.000000,0.000000,0.000000,0.000000,0.000000,0.000000,0.000000,0.000000,0.000000,0.000000,0.000000,0.000000,0.000000,0.000000,0.000000,0.000000,0.000000,0.000000,0.000000,0.000000,0.000000,0.000000,0.000000,0.000000,0.000000,0.000000,0.000000,0.000000,0.000000,0.000000,0.000000,0.000000,0.000000,0.000000,0.000000,0.000000,0.000000,0.000000,0.000000,0.000000,0.000000,0.000000,0.000000,0.000000,0.000000,0.000000,0.000000,0.000000,0.000000,0.000000,0.000000,0.030123,-0.031201,-0.009603,0.052636,-0.078015,-0.013920,0.069669,-0.119603,-0.018580,0.086603,-0.144684,-0.023371,0.035620,-0.156494,-0.003916,0.041185,-0.212775,-0.011961,0.041241,-0.248020,-0.020308,0.040287,-0.280106,-0.026979,0.015133,-0.166233,-0.006442,0.014895,-0.233463,-0.013358,0.012722,-0.275003,-0.021448,0.009660,-0.312259,-0.027680,-0.004284,-0.161755,-0.010602,-0.007271,-0.223798,-0.017862,-0.010211,-0.264455,-0.024338,-0.013642,-0.301733,-0.029236,-0.023625,-0.145311,-0.015915,-0.028851,-0.190250,-0.022859,-0.032963,-0.218379,-0.025785,-0.037315,-0.245815,-0.027662,0.000000,0.000000,-0.991488,-0.545497,0.062325,-0.973103,0.049453,-1.153425,0.053788,-0.793055,0.215978,-1.075602,-0.172865,-1.068337
PRUEBA_1,prueba,2,34,0.000000,0.000000,0.000000,0.000000,0.000000,0.000000,0.000000,0.000000,0.000000,0.000000,0.000000,0.000000,0.000000,0.000000,0.000000,0.000000,0.000000,0.000000,0.000000,0.000000,0.000000,0.000000,0.000000,0.000000,0.000000,0.000000,0.000000,0.000000,0.000000,0.000000,0.000000,0.000000,0.000000,0.000000,0.000000,0.000000,0.000000,0.000000,0.000000,0.000000,0.000000,0.000000,0.000000,0.000000,0.000000,0.000000,0.000000,0.000000,0.000000,0.000000,0.000000,0.000000,0.000000,0.000000,0.000000,0.000000,0.000000,0.000000,0.000000,0.000000,0.000000,0.000000,0.000000,0.000000,0.000000,0.000000,0.030226,-0.030980,-0.009624,0.052960,-0.078316,-0.013941,0.069634,-0.120320,-0.018599,0.086191,-0.146133,-0.023400,0.035574,-0.157468,-0.004300,0.041075,-0.214016,-0.012652,0.041493,-0.249548,-0.021175,0.040860,-0.282380,-0.027955,0.015047,-0.167161,-0.006852,0.014846,-0.234779,-0.014034,0.012958,-0.276125,-0.022188,0.009999,-0.313320,-0.028429,-0.004294,-0.162641,-0.011017,-0.007449,-0.224992,-0.018512,-0.010565,-0.265683,-0.024971,-0.014475,-0.302917,-0.029792,-0.023321,-0.145937,-0.016340,-0.028192,-0.191690,-0.023436,-0.032556,-0.219923,-0.026355,-0.037703,-0.247249,-0.028184,0.000000,0.000000,-0.989024,-0.545276,0.062473,-0.971900,0.049686,-1.152311,0.053932,-0.791965,0.216072,-1.074466,-0.172646,-1.068563
PRUEBA_1,prueba,2,35,0.000000,0.000000,0.000000,0.000000,0.000000,0.000000,0.000000,0.000000,0.000000,0.000000,0.000000,0.000000,0.000000,0.000000,0.000000,0.000000,0.000000,0.000000,0.000000,0.000000,0.000000,0.000000,0.000000,0.000000,0.000000,0.000000,0.000000,0.000000,0.000000,0.000000,0.000000,0.000000,0.000000,0.000000,0.000000,0.000000,0.000000,0.000000,0.000000,0.000000,0.000000,0.000000,0.000000,0.000000,0.000000,0.000000,0.000000,0.000000,0.000000,0.000000,0.000000,0.000000,0.000000,0.000000,0.000000,0.000000,0.000000,0.000000,0.000000,0.000000,0.000000,0.000000,0.000000,0.000000,0.000000,0.000000,0.029957,-0.030514,-0.010288,0.052759,-0.078559,-0.014784,0.069455,-0.121008,-0.019471,0.086461,-0.146081,-0.024322,0.035460,-0.156322,-0.004955,0.041554,-0.211576,-0.013481,0.042156,-0.246161,-0.022107,0.041643,-0.277824,-0.028941,0.015067,-0.166371,-0.007289,0.014991,-0.234130,-0.014645,0.013146,-0.275549,-0.022862,0.010174,-0.312641,-0.029170,-0.004075,-0.161989,-0.011312,-0.007049,-0.224440,-0.019070,-0.010019,-0.265955,-0.025830,-0.013649,-0.304110,-0.030892,-0.023107,-0.145310,-0.016526,-0.028036,-0.191132,-0.023846,-0.032108,-0.220045,-0.027034,-0.036741,-0.248177,-0.029140,0.000000,0.000000,-0.987327,-0.550536,0.063631,-0.983057,0.050741,-1.162577,0.054390,-0.806220,0.216293,-1.078231,-0.172137,-1.077310
PRUEBA_1,prueba,2,36,0.000000,0.000000,0.000000,0.000000,0.000000,0.000000,0.000000,0.000000,0.000000,0.000000,0.000000,0.000000,0.000000,0.000000,0.000000,0.000000,0.000000,0.000000,0.000000,0.000000,0.000000,0.000000,0.000000,0.000000,0.000000,0.000000,0.000000,0.000000,0.000000,0.000000,0.000000,0.000000,0.000000,0.000000,0.000000,0.000000,0.000000,0.000000,0.000000,0.000000,0.000000,0.000000,0.000000,0.000000,0.000000,0.000000,0.000000,0.000000,0.000000,0.000000,0.000000,0.000000,0.000000,0.000000,0.000000,0.000000,0.000000,0.000000,0.000000,0.000000,0.000000,0.000000,0.000000,0.000000,0.000000,0.000000,0.029961,-0.030870,-0.010058,0.052687,-0.078703,-0.014515,0.069340,-0.121010,-0.019216,0.086372,-0.146103,-0.024082,0.035245,-0.156345,-0.004637,0.041430,-0.211853,-0.013113,0.042094,-0.246458,-0.021714,0.041711,-0.278008,-0.028525,0.014854,-0.166250,-0.007098,0.014463,-0.234058,-0.014402,0.012501,-0.275446,-0.022645,0.009545,-0.312492,-0.028976,-0.004209,-0.161809,-0.011240,-0.007376,-0.224023,-0.018925,-0.010250,-0.265554,-0.025655,-0.013688,-0.303800,-0.030715,-0.023107,-0.145088,-0.016553,-0.028127,-0.190648,-0.023828,-0.032041,-0.219526,-0.026979,-0.036417,-0.247700,-0.029061,0.000000,0.000000,-0.986809,-0.551288,0.065989,-0.986560,0.052768,-1.165868,0.056155,-0.808822,0.216976,-1.080753,-0.171517,-1.079342
PRUEBA_1,prueba,2,37,0.000000,0.000000,0.000000,0.000000,0.000000,0.000000,0.000000,0.000000,0.000000,0.000000,0.000000,0.000000,0.000000,0.000000,0.000000,0.000000,0.000000,0.000000,0.000000,0.000000,0.000000,0.000000,0.000000,0.000000,0.000000,0.000000,0.000000,0.000000,0.000000,0.000000,0.000000,0.000000,0.000000,0.000000,0.000000,0.000000,0.000000,0.000000,0.000000,0.000000,0.000000,0.000000,0.000000,0.000000,0.000000,0.000000,0.000000,0.000000,0.000000,0.000000,0.000000,0.000000,0.000000,0.000000,0.000000,0.000000,0.000000,0.000000,0.000000,0.000000,0.000000,0.000000,0.000000,0.000000,0.000000,0.000000,0.030267,-0.030138,-0.010683,0.053624,-0.077546,-0.015347,0.070777,-0.120459,-0.020070,0.087970,-0.146997,-0.024912,0.036648,-0.155802,-0.005511,0.042741,-0.212905,-0.013977,0.042423,-0.248185,-0.022399,0.040943,-0.280118,-0.029055,0.015846,-0.166114,-0.007564,0.015094,-0.234340,-0.014832,0.012709,-0.275631,-0.022974,0.009411,-0.312458,-0.029194,-0.003600,-0.161839,-0.011286,-0.007194,-0.224649,-0.018855,-0.010429,-0.265405,-0.025344,-0.014075,-0.302940,-0.030221,-0.022774,-0.145359,-0.016215,-0.028191,-0.190443,-0.023545,-0.032180,-0.219255,-0.026704,-0.036285,-0.247539,-0.028694,0.000000,0.000000,-0.994921,-0.545502,0.069551,-0.982161,0.056519,-1.162231,0.058478,-0.803655,0.217426,-1.077125,-0.170156,-1.076151
PRUEBA_1,prueba,2,38,0.000000,0.000000,0.000000,0.000000,0.000000,0.000000,0.000000,0.000000,0.000000,0.000000,0.000000,0.000000,0.000000,0.000000,0.000000,0.000000,0.000000,0.000000,0.000000,0.000000,0.000000,0.000000,0.000000,0.000000,0.000000,0.000000,0.000000,0.000000,0.000000,0.000000,0.000000,0.000000,0.000000,0.000000,0.000000,0.000000,0.000000,0.000000,0.000000,0.000000,0.000000,0.000000,0.000000,0.000000,0.000000,0.000000,0.000000,0.000000,0.000000,0.000000,0.000000,0.000000,0.000000,0.000000,0.000000,0.000000,0.000000,0.000000,0.000000,0.000000,0.000000,0.000000,0.000000,0.000000,0.000000,0.000000,0.030091,-0.030852,-0.010221,0.053054,-0.079144,-0.014750,0.069844,-0.121650,-0.019470,0.087127,-0.147797,-0.024390,0.035886,-0.155916,-0.005491,0.041885,-0.212457,-0.014094,0.041553,-0.247451,-0.022553,0.039980,-0.279221,-0.029219,0.015044,-0.165812,-0.007861,0.014410,-0.233501,-0.015317,0.011831,-0.274562,-0.023457,0.008263,-0.311368,-0.029676,-0.004476,-0.161371,-0.011862,-0.007824,-0.223886,-0.019465,-0.011014,-0.264093,-0.025831,-0.014689,-0.301301,-0.030646,-0.023747,-0.144949,-0.017043,-0.028909,-0.189846,-0.024277,-0.032901,-0.218407,-0.027326,-0.037172,-0.246403,-0.029287,0.000000,0.000000,-0.992667,-0.541315,0.071579,-0.979065,0.057671,-1.158622,0.059473,-0.799748,0.217854,-1.074671,-0.169224,-1.073453
PRUEBA_1,prueba,2,39,0.000000,0.000000,0.000000,0.000000,0.000000,0.000000,0.000000,0.000000,0.000000,0.000000,0.000000,0.000000,0.000000,0.000000,0.000000,0.000000,0.000000,0.000000,0.000000,0.000000,0.000000,0.000000,0.000000,0.000000,0.000000,0.000000,0.000000,0.000000,0.000000,0.000000,0.000000,0.000000,0.000000,0.000000,0.000000,0.000000,0.000000,0.000000,0.000000,0.000000,0.000000,0.000000,0.000000,0.000000,0.000000,0.000000,0.000000,0.000000,0.000000,0.000000,0.000000,0.000000,0.000000,0.000000,0.000000,0.000000,0.000000,0.000000,0.000000,0.000000,0.000000,0.000000,0.000000,0.000000,0.000000,0.000000,0.030076,-0.030224,-0.009977,0.053076,-0.078450,-0.014328,0.070011,-0.120812,-0.018900,0.087142,-0.146762,-0.023662,0.036078,-0.154893,-0.005036,0.041843,-0.211628,-0.013335,0.041503,-0.246756,-0.021561,0.040108,-0.278206,-0.028074,0.015307,-0.165014,-0.007343,0.014834,-0.232603,-0.014511,0.012139,-0.273943,-0.022523,0.008537,-0.310488,-0.028702,-0.004269,-0.161126,-0.011274,-0.007459,-0.223673,-0.018578,-0.010686,-0.263857,-0.024996,-0.014359,-0.300495,-0.029924,-0.023650,-0.145338,-0.016366,-0.028821,-0.190205,-0.023355,-0.033101,-0.218484,-0.026425,-0.037649,-0.246068,-0.028466,0.000000,0.000000,-0.992381,-0.541323,0.073908,-0.977922,0.059725,-1.157792,0.061359,-0.798567,0.218534,-1.074271,-0.168873,-1.073265
PRUEBA_2,prueba,0,0,0.000000,0.000000,0.000000,0.000000,0.000000,0.000000,0.000000,0.000000,0.000000,0.000000,0.000000,0.000000,0.000000,0.000000,0.000000,0.000000,0.000000,0.000000,0.000000,0.000000,0.000000,0.000000,0.000000,0.000000,0.000000,0.000000,0.000000,0.000000,0.000000,0.000000,0.000000,0.000000,0.000000,0.000000,0.000000,0.000000,0.000000,0.000000,0.000000,0.000000,0.000000,0.000000,0.000000,0.000000,0.000000,0.000000,0.000000,0.000000,0.000000,0.000000,0.000000,0.000000,0.000000,0.000000,0.000000,0.000000,0.000000,0.000000,0.000000,0.000000,0.000000,0.000000,0.000000,0.000000,0.000000,0.000000,0.034636,-0.046244,-0.004989,0.058727,-0.096441,-0.008450,0.075408,-0.130112,-0.014394,0.089716,-0.153411,-0.020797,0.030177,-0.186995,0.007575,0.037724,-0.239957,-0.001368,0.043631,-0.265978,-0.012310,0.048651,-0.289691,-0.019997,0.008172,-0.192600,0.002401,0.011371,-0.257153,-0.003199,0.012824,-0.291743,-0.012013,0.013846,-0.319481,-0.018860,-0.014458,-0.185559,-0.005154,-0.015408,-0.247957,-0.010290,-0.015630,-0.282714,-0.015389,-0.015422,-0.311438,-0.019237,-0.038493,-0.165052,-0.013972,-0.041970,-0.218681,-0.017136,-0.041579,-0.250843,-0.016892,-0.040118,-0.279713,-0.016724,0.000000,0.000000,-1.014419,-0.579415,0.027319,-0.910546,0.020728,-1.114816,0.024107,-0.725229,0.208463,-1.055393,-0.187121,-1.070097
PRUEBA_2,prueba,0,1,0.000000,0.000000,0.000000,0.000000,0.000000,0.000000,0.000000,0.000000,0.000000,0.000000,0.000000,0.000000,0.000000,0.000000,0.000000,0.000000,0.000000,0.000000,0.000000,0.000000,0.000000,0.000000,0.000000,0.000000,0.000000,0.000000,0.000000,0.000000,0.000000,0.000000,0.000000,0.000000,0.000000,0.000000,0.000000,0.000000,0.000000,0.000000,0.000000,0.000000,0.000000,0.000000,0.000000,0.000000,0.000000,0.000000,0.000000,0.000000,0.000000,0.000000,0.000000,0.000000,0.000000,0.000000,0.000000,0.000000,0.000000,0.000000,0.000000,0.000000,0.000000,0.000000,0.000000,0.000000,0.000000,0.000000,0.031763,-0.034177,-0.004643,0.055322,-0.073059,-0.007959,0.071792,-0.100864,-0.013534,0.087675,-0.120186,-0.019046,0.046228,-0.162537,0.007669,0.056982,-0.210777,0.000401,0.062917,-0.236017,-0.008635,0.067452,-0.259605,-0.015538,0.028070,-0.175893,0.002704,0.035203,-0.235803,-0.001561,0.038668,-0.266056,-0.008595,0.040857,-0.291345,-0.014631,0.008535,-0.176846,-0.004541,0.012834,-0.235137,-0.008488,0.015334,-0.264986,-0.012172,0.017531,-0.290493,-0.015427,-0.013059,-0.164078,-0.013102,-0.012297,-0.214805,-0.015656,-0.010761,-0.241985,-0.015009,-0.009309,-0.267064,-0.014888,0.000000,0.000000,-0.874468,-0.569588,0.023461,-0.905056,0.017637,-1.109125,0.021284,-0.718841,0.202141,-1.051268,-0.190230,-1.064051
PRUEBA_2,prueba,0,2,0.000000,0.000000,0.000000,0.000000,0.000000,0.000000,0.000000,0.000000,0.000000,0.000000,0.000000,0.000000,0.000000,0.000000,0.000000,0.000000,0.000000,0.000000,0.000000,0.000000,0.000000,0.000000,0.000000,0.000000,0.000000,0.000000,0.000000,0.000000,0.000000,0.000000,0.000000,0.000000,0.000000,0.000000,0.000000,0.000000,0.000000,0.000000,0.000000,0.000000,0.000000,0.000000,0.000000,0.000000,0.000000,0.000000,0.000000,0.000000,0.000000,0.000000,0.000000,0.000000,0.000000,0.000000,0.000000,0.000000,0.000000,0.000000,0.000000,0.000000,0.000000,0.000000,0.000000,0.000000,0.000000,0.000000,0.031688,-0.032452,-0.004970,0.057565,-0.069109,-0.008930,0.074810,-0.094244,-0.014751,0.088105,-0.113080,-0.020862,0.042228,-0.151320,0.001989,0.053001,-0.199939,-0.007232,0.057589,-0.223645,-0.017170,0.060778,-0.245201,-0.024151,0.024357,-0.162219,-0.003011,0.030598,-0.221407,-0.009858,0.032878,-0.253262,-0.018252,0.033786,-0.279976,-0.024693,0.005411,-0.161643,-0.009844,0.007262,-0.220166,-0.016515,0.007539,-0.253513,-0.022007,0.007117,-0.282411,-0.026045,-0.015182,-0.149534,-0.017603,-0.015553,-0.196393,-0.023025,-0.015915,-0.225046,-0.024490,-0.016525,-0.252133,-0.025393,0.000000,0.000000,-0.831129,-0.597816,0.024881,-0.898804,0.018874,-1.103096,0.022303,-0.709876,0.199174,-1.049816,-0.190164,-1.058616
PRUEBA_2,prueba,0,3,0.000000,0.000000,0.000000,0.000000,0.000000,0.000000,0.000000,0.000000,0.000000,0.000000,0.000000,0.000000,0.000000,0.000000,0.000000,0.000000,0.000000,0.000000,0.000000,0.000000,0.000000,0.000000,0.000000,0.000000,0.000000,0.000000,0.000000,0.000000,0.000000,0.000000,0.000000,0.000000,0.000000,0.000000,0.000000,0.000000,0.000000,0.000000,0.000000,0.000000,0.000000,0.000000,0.000000,0.000000,0.000000,0.000000,0.000000,0.000000,0.000000,0.000000,0.000000,0.000000,0.000000,0.000000,0.000000,0.000000,0.000000,0.000000,0.000000,0.000000,0.000000,0.000000,0.000000,0.000000,0.000000,0.000000,0.033512,-0.027381,-0.005366,0.058983,-0.069613,-0.007941,0.076481,-0.102104,-0.011749,0.093756,-0.120443,-0.016138,0.040862,-0.142217,-0.001430,0.052458,-0.193976,-0.008818,0.058692,-0.224930,-0.016246,0.063747,-0.253511,-0.021855,0.022309,-0.153001,-0.005618,0.028990,-0.215535,-0.011291,0.032590,-0.253306,-0.017943,0.034736,-0.285787,-0.023232,0.003497,-0.151901,-0.011171,0.005097,-0.210768,-0.016773,0.006950,-0.247562,-0.021981,0.008736,-0.280062,-0.026198,-0.016142,-0.140411,-0.017587,-0.018860,-0.185635,-0.022805,-0.019736,-0.214559,-0.024712,-0.020274,-0.241445,-0.026158,0.000000,0.000000,-0.808150,-0.544617,0.027295,-0.909901,0.020674,-1.108104,0.023877,-0.719056,0.200677,-1.048377,-0.189100,-1.063421
PRUEBA_2,prueba,0,4,0.000000,0.000000,0.000000,0.000000,0.000000,0.000000,0.000000,0.000000,0.000000,0.000000,0.000000,0.000000,0.000000,0.000000,0.000000,0.000000,0.000000,0.000000,0.000000,0.000000,0.000000,0.000000,0.000000,0.000000,0.000000,0.000000,0.000000,0.000000,0.000000,0.000000,0.000000,0.000000,0.000000,0.000000,0.000000,0.000000,0.000000,0.000000,0.000000,0.000000,0.000000,0.000000,0.000000,0.000000,0.000000,0.000000,0.000000,0.000000,0.000000,0.000000,0.000000,0.000000,0.000000,0.000000,0.000000,0.000000,0.000000,0.000000,0.000000,0.000000,0.000000,0.000000,0.000000,0.000000,0.000000,0.000000,0.034088,-0.027221,-0.008391,0.060844,-0.067834,-0.012249,0.079884,-0.102094,-0.016729,0.098203,-0.120718,-0.021743,0.041603,-0.145384,-0.004716,0.051236,-0.201142,-0.012812,0.055468,-0.235239,-0.020538,0.058474,-0.266383,-0.026487,0.021590,-0.156332,-0.008009,0.027462,-0.221547,-0.015246,0.030001,-0.262553,-0.022996,0.031037,-0.298548,-0.028622,0.001347,-0.153372,-0.012764,0.002074,-0.214906,-0.020515,0.001695,-0.255425,-0.027167,0.001271,-0.292086,-0.031732,-0.019715,-0.138645,-0.018477,-0.022999,-0.184951,-0.026178,-0.025684,-0.215293,-0.029660,-0.028096,-0.243979,-0.031567,0.000000,0.000000,-0.846899,-0.539628,0.029149,-0.931848,0.021814,-1.124091,0.024648,-0.735498,0.200621,-1.060553,-0.189385,-1.067278
PRUEBA_2,prueba,0,5,0.000000,0.000000,0.000000,0.000000,0.000000,0.000000,0.000000,0.000000,0.000000,0.000000,0.000000,0.000000,0.000000,0.000000,0.000000,0.000000,0.000000,0.000000,0.000000,0.000000,0.000000,0.000000,0.000000,0.000000,0.000000,0.000000,0.000000,0.000000,0.000000,0.000000,0.000000,0.000000,0.000000,0.000000,0.000000,0.000000,0.000000,0.000000,0.000000,0.000000,0.000000,0.000000,0.000000,0.000000,0.000000,0.000000,0.000000,0.000000,0.000000,0.000000,0.000000,0.000000,0.000000,0.000000,0.000000,0.000000,0.000000,0.000000,0.000000,0.000000,0.000000,0.000000,0.000000,0.000000,0.000000,0.000000,0.034196,-0.025978,-0.009504,0.061777,-0.068043,-0.013915,0.082057,-0.103423,-0.018629,0.100884,-0.122667,-0.023610,0.041805,-0.147959,-0.005205,0.051821,-0.203951,-0.013241,0.056120,-0.238640,-0.021237,0.059230,-0.270275,-0.027507,0.021825,-0.158746,-0.007924,0.027157,-0.225264,-0.014772,0.029581,-0.267029,-0.022578,0.030522,-0.303710,-0.028582,0.001898,-0.156352,-0.012214,0.002273,-0.218952,-0.019551,0.001818,-0.259472,-0.026226,0.001079,-0.296130,-0.031127,-0.019025,-0.142553,-0.017613,-0.023504,-0.189144,-0.025019,-0.026505,-0.219917,-0.028564,-0.028839,-0.249965,-0.030794,0.000000,0.000000,-0.855210,-0.514483,0.030212,-0.919587,0.023274,-1.110220,0.025327,-0.726283,0.200975,-1.044524,-0.188476,-1.054239
PRUEBA_2,prueba,0,6,0.000000,0.000000,0.000000,0.000000,0.000000,0.000000,0.000000,0.000000,0.000000,0.000000,0.000000,0.000000,0.000000,0.000000,0.000000,0.000000,0.000000,0.000000,0.000000,0.000000,0.000000,0.000000,0.000000,0.000000,0.000000,0.000000,0.000000,0.000000,0.000000,0.000000,0.000000,0.000000,0.000000,0.000000,0.000000,0.000000,0.000000,0.000000,0.000000,0.000000,0.000000,0.000000,0.000000,0.000000,0.000000,0.000000,0.000000,0.000000,0.000000,0.000000,0.000000,0.000000,0.000000,0.000000,0.000000,0.000000,0.000000,0.000000,0.000000,0.000000,0.000000,0.000000,0.000000,0.000000,0.000000,0.000000,0.034492,-0.027266,-0.009848,0.062329,-0.069174,-0.014442,0.082440,-0.104765,-0.019313,0.101326,-0.123294,-0.024457,0.041933,-0.149267,-0.005219,0.051867,-0.205963,-0.013214,0.056069,-0.241061,-0.021205,0.059101,-0.273244,-0.027500,0.021729,-0.159639,-0.007794,0.027194,-0.226295,-0.014677,0.029640,-0.268532,-0.022620,0.030521,-0.305640,-0.028747,0.001733,-0.156843,-0.011993,0.001861,-0.219470,-0.019424,0.001791,-0.260543,-0.026423,0.001166,-0.297407,-0.031519,-0.019129,-0.142971,-0.017336,-0.023368,-0.190708,-0.024835,-0.026571,-0.221699,-0.028573,-0.029449,-0.251814,-0.030956,0.000000,0.000000,-0.859755,-0.513193,0.032975,-0.932338,0.025891,-1.122232,0.027801,-0.738046,0.203152,-1.056682,-0.186918,-1.064068
PRUEBA_2,prueba,0,7,0.000000,0.000000,0.000000,0.000000,0.000000,0.000000,0.000000,0.000000,0.000000,0.000000,0.000000,0.000000,0.000000,0.000000,0.000000,0.000000,0.000000,0.000000,0.000000,0.000000,0.000000,0.000000,0.000000,0.000000,0.000000,0.000000,0.000000,0.000000,0.000000,0.000000,0.000000,0.000000,0.000000,0.000000,0.000000,0.000000,0.000000,0.000000,0.000000,0.000000,0.000000,0.000000,0.000000,0.000000,0.000000,0.000000,0.000000,0.000000,0.000000,0.000000,0.000000,0.000000,0.000000,0.000000,0.000000,0.000000,0.000000,0.000000,0.000000,0.000000,0.000000,0.000000,0.000000,0.000000,0.000000,0.000000,0.034165,-0.027567,-0.009719,0.061322,-0.070086,-0.014296,0.080908,-0.106169,-0.019137,0.099815,-0.124866,-0.024215,0.041018,-0.150730,-0.005339,0.051154,-0.207188,-0.013347,0.055611,-0.242497,-0.021314,0.058700,-0.275069,-0.027606,0.020870,-0.160911,-0.008014,0.026381,-0.227599,-0.014881,0.028697,-0.270031,-0.022670,0.029273,-0.307401,-0.028677,0.000953,-0.157662,-0.012286,0.000768,-0.220112,-0.019641,0.000784,-0.261070,-0.026426,0.000266,-0.298043,-0.031396,-0.019799,-0.143335,-0.017702,-0.024227,-0.190931,-0.025120,-0.027273,-0.221776,-0.028729,-0.029895,-0.251866,-0.031039,0.000000,0.000000,-0.856271,-0.508005,0.033239,-0.931941,0.026142,-1.122088,0.027948,-0.737976,0.203375,-1.056595,-0.186899,-1.063792
PRUEBA_2,prueba,0,8,0.000000,0.000000,0.000000,0.000000,0.000000,0.000000,0.000000,0.000000,0.000000,0.000000,0.000000,0.000000,0.000000,0.000000,0.000000,0.000000,0.000000,0.000000,0.000000,0.000000,0.000000,0.000000,0.000000,0.000000,0.000000,0.000000,0.000000,0.000000,0.000000,0.000000,0.000000,0.000000,0.000000,0.000000,0.000000,0.000000,0.000000,0.000000,0.000000,0.000000,0.000000,0.000000,0.000000,0.000000,0.000000,0.000000,0.000000,0.000000,0.000000,0.000000,0.000000,0.000000,0.000000,0.000000,0.000000,0.000000,0.000000,0.000000,0.000000,0.000000,0.000000,0.000000,0.000000,0.000000,0.000000,0.000000,0.034010,-0.028354,-0.009626,0.061032,-0.070023,-0.014365,0.080999,-0.105335,-0.019445,0.099153,-0.125314,-0.024736,0.040770,-0.151083,-0.005602,0.050557,-0.207902,-0.013845,0.054417,-0.243417,-0.021939,0.056976,-0.276019,-0.028224,0.020380,-0.161498,-0.008440,0.025183,-0.229582,-0.015471,0.027365,-0.272706,-0.023326,0.028121,-0.310606,-0.029327,0.000235,-0.158209,-0.012841,-0.000127,-0.221465,-0.020291,-0.000694,-0.262970,-0.027075,-0.001596,-0.300136,-0.031980,-0.020413,-0.143364,-0.018378,-0.024686,-0.191183,-0.025863,-0.028138,-0.222575,-0.029427,-0.031320,-0.252677,-0.031617,0.000000,0.000000,-0.857787,-0.504941,0.035688,-0.921063,0.028349,-1.112039,0.029989,-0.729008,0.204764,-1.048768,-0.185526,-1.057751
PRUEBA_2,prueba,0,9,0.000000,0.000000,0.000000,0.000000,0.000000,0.000000,0.000000,0.000000,0.000000,0.000000,0.000000,0.000000,0.000000,0.000000,0.000000,0.000000,0.000000,0.000000,0.000000,0.000000,0.000000,0.000000,0.000000,0.000000,0.000000,0.000000,0.000000,0.000000,0.000000,0.000000,0.000000,0.000000,0.000000,0.000000,0.000000,0.000000,0.000000,0.000000,0.000000,0.000000,0.000000,0.000000,0.000000,0.000000,0.000000,0.000000,0.000000,0.000000,0.000000,0.000000,0.000000,0.000000,0.000000,0.000000,0.000000,0.000000,0.000000,0.000000,0.000000,0.000000,0.000000,0.000000,0.000000,0.000000,0.000000,0.000000,0.034213,-0.029274,-0.009348,0.061482,-0.071298,-0.014104,0.081353,-0.105927,-0.019274,0.099653,-0.124872,-0.024741,0.041230,-0.151321,-0.005777,0.050949,-0.208132,-0.014187,0.054886,-0.243710,-0.022379,0.057492,-0.276336,-0.028698,0.020470,-0.161694,-0.008811,0.025176,-0.230320,-0.015924,0.026980,-0.273154,-0.023771,0.027280,-0.310534,-0.029759,0.000071,-0.158464,-0.013369,-0.000500,-0.221562,-0.020729,-0.001274,-0.262413,-0.027261,-0.002411,-0.298871,-0.032003,-0.021009,-0.143769,-0.019057,-0.025318,-0.191924,-0.026217,-0.028381,-0.223309,-0.029454,-0.030996,-0.253590,-0.031455,0.000000,0.000000,-0.863313,-0.511753,0.040602,-0.924335,0.031514,-1.115961,0.033976,-0.731651,0.206329,-1.053458,-0.184370,-1.061805
PRUEBA_2,prueba,0,10,0.000000,0.000000,0.000000,0.000000,0.000000,0.000000,0.000000,0.000000,0.000000,0.000000,0.000000,0.000000,0.000000,0.000000,0.000000,0.000000,0.000000,0.000000,0.000000,0.000000,0.000000,0.000000,0.000000,0.000000,0.000000,0.000000,0.000000,0.000000,0.000000,0.000000,0.000000,0.000000,0.000000,0.000000,0.000000,0.000000,0.000000,0.000000,0.000000,0.000000,0.000000,0.000000,0.000000,0.000000,0.000000,0.000000,0.000000,0.000000,0.000000,0.000000,0.000000,0.000000,0.000000,0.000000,0.000000,0.000000,0.000000,0.000000,0.000000,0.000000,0.000000,0.000000,0.000000,0.000000,0.000000,0.000000,0.033907,-0.029220,-0.009347,0.061039,-0.071330,-0.014085,0.080904,-0.105208,-0.019241,0.099038,-0.124736,-0.024687,0.039963,-0.152316,-0.005481,0.049702,-0.208615,-0.013941,0.054092,-0.243388,-0.022231,0.057170,-0.275394,-0.028604,0.019458,-0.162182,-0.008561,0.024249,-0.230273,-0.015758,0.026047,-0.272868,-0.023742,0.026282,-0.310234,-0.029867,-0.000659,-0.158384,-0.013215,-0.001403,-0.221031,-0.020724,-0.001900,-0.261740,-0.027409,-0.002814,-0.298310,-0.032276,-0.021559,-0.143167,-0.018991,-0.025982,-0.191378,-0.026262,-0.029182,-0.222682,-0.029552,-0.031998,-0.253045,-0.031649,0.000000,0.000000,-0.860932,-0.509916,0.044979,-0.922948,0.034982,-1.114902,0.036981,-0.730141,0.207734,-1.051436,-0.183587,-1.059905
PRUEBA_2,prueba,0,11,0.000000,0.000000,0.000000,0.000000,0.000000,0.000000,0.000000,0.000000,0.000000,0.000000,0.000000,0.000000,0.000000,0.000000,0.000000,0.000000,0.000000,0.000000,0.000000,0.000000,0.000000,0.000000,0.000000,0.000000,0.000000,0.000000,0.000000,0.000000,0.000000,0.000000,0.000000,0.000000,0.000000,0.000000,0.000000,0.000000,0.000000,0.000000,0.000000,0.000000,0.000000,0.000000,0.000000,0.000000,0.000000,0.000000,0.000000,0.000000,0.000000,0.000000,0.000000,0.000000,0.000000,0.000000,0.000000,0.000000,0.000000,0.000000,0.000000,0.000000,0.000000,0.000000,0.000000,0.000000,0.000000,0.000000,0.034236,-0.029287,-0.009789,0.061451,-0.072478,-0.014590,0.081484,-0.108049,-0.019690,0.099942,-0.127942,-0.025141,0.041022,-0.151801,-0.005983,0.050210,-0.208860,-0.014524,0.053964,-0.244773,-0.022958,0.056510,-0.278036,-0.029549,0.020254,-0.161988,-0.008865,0.024520,-0.230591,-0.016152,0.026527,-0.273676,-0.024323,0.027253,-0.311951,-0.030629,-0.000134,-0.158569,-0.013317,-0.000300,-0.222314,-0.020917,-0.000958,-0.264329,-0.027797,-0.002068,-0.302310,-0.032857,-0.021193,-0.143815,-0.018915,-0.025617,-0.192269,-0.026326,-0.028620,-0.223845,-0.029736,-0.031314,-0.254375,-0.031926,0.000000,0.000000,-0.869952,-0.511866,0.046155,-0.928826,0.035940,-1.120139,0.037898,-0.735001,0.208385,-1.055019,-0.183211,-1.063585
PRUEBA_2,prueba,0,12,0.000000,0.000000,0.000000,0.000000,0.000000,0.000000,0.000000,0.000000,0.000000,0.000000,0.000000,0.000000,0.000000,0.000000,0.000000,0.000000,0.000000,0.000000,0.000000,0.000000,0.000000,0.000000,0.000000,0.000000,0.000000,0.000000,0.000000,0.000000,0.000000,0.000000,0.000000,0.000000,0.000000,0.000000,0.000000,0.000000,0.000000,0.000000,0.000000,0.000000,0.000000,0.000000,0.000000,0.000000,0.000000,0.000000,0.000000,0.000000,0.000000,0.000000,0.000000,0.000000,0.000000,0.000000,0.000000,0.000000,0.000000,0.000000,0.000000,0.000000,0.000000,0.000000,0.000000,0.000000,0.000000,0.000000,0.033574,-0.029564,-0.010068,0.060492,-0.071615,-0.015397,0.080707,-0.107033,-0.020999,0.099460,-0.128811,-0.026925,0.039771,-0.151557,-0.006786,0.049294,-0.208936,-0.015921,0.053267,-0.244992,-0.024634,0.056127,-0.278564,-0.031329,0.019335,-0.161947,-0.009736,0.023848,-0.230040,-0.017461,0.025586,-0.272832,-0.025667,0.026073,-0.310824,-0.031958,-0.000737,-0.158333,-0.014276,-0.000600,-0.221783,-0.022158,-0.000995,-0.264306,-0.028859,-0.001878,-0.302623,-0.033786,-0.021512,-0.143039,-0.019989,-0.025771,-0.191369,-0.027568,-0.028706,-0.223278,-0.030857,-0.031337,-0.254084,-0.032928,0.000000,0.000000,-0.871192,-0.499888,0.051239,-0.923023,0.039568,-1.114539,0.041125,-0.729332,0.209246,-1.049286,-0.182966,-1.057547
PRUEBA_2,prueba,0,13,0.000000,0.000000,0.000000,0.000000,0.000000,0.000000,0.000000,0.000000,0.000000,0.000000,0.000000,0.000000,0.000000,0.000000,0.000000,0.000000,0.000000,0.000000,0.000000,0.000000,0.000000,0.000000,0.000000,0.000000,0.000000,0.000000,0.000000,0.000000,0.000000,0.000000,0.000000,0.000000,0.000000,0.000000,0.000000,0.000000,0.000000,0.000000,0.000000,0.000000,0.000000,0.000000,0.000000,0.000000,0.000000,0.000000,0.000000,0.000000,0.000000,0.000000,0.000000,0.000000,0.000000,0.000000,0.000000,0.000000,0.000000,0.000000,0.000000,0.000000,0.000000,0.000000,0.000000,0.000000,0.000000,0.000000,0.032976,-0.028350,-0.010333,0.059625,-0.069199,-0.015983,0.079572,-0.105776,-0.021734,0.098524,-0.127918,-0.027822,0.039589,-0.149112,-0.007838,0.049804,-0.206338,-0.017214,0.053868,-0.242299,-0.025926,0.056665,-0.275329,-0.032560,0.018967,-0.159914,-0.010556,0.023728,-0.229166,-0.018455,0.025682,-0.272173,-0.026608,0.026391,-0.310438,-0.032836,-0.001196,-0.156562,-0.014783,-0.001390,-0.220624,-0.022706,-0.001552,-0.262709,-0.029246,-0.001959,-0.301007,-0.034110,-0.021894,-0.141409,-0.020149,-0.026340,-0.188814,-0.027731,-0.028989,-0.220095,-0.030890,-0.031164,-0.250479,-0.032867,0.000000,0.000000,-0.880230,-0.491914,0.051280,-0.927133,0.038918,-1.118300,0.041014,-0.733426,0.207594,-1.053338,-0.183717,-1.060363
PRUEBA_2,prueba,0,14,0.000000,0.000000,0.000000,0.000000,0.000000,0.000000,0.000000,0.000000,0.000000,0.000000,0.000000,0.000000,0.000000,0.000000,0.000000,0.000000,0.000000,0.000000,0.000000,0.000000,0.000000,0.000000,0.000000,0.000000,0.000000,0.000000,0.000000,0.000000,0.000000,0.000000,0.000000,0.000000,0.000000,0.000000,0.000000,0.000000,0.000000,0.000000,0.000000,0.000000,0.000000,0.000000,0.000000,0.000000,0.000000,0.000000,0.000000,0.000000,0.000000,0.000000,0.000000,0.000000,0.000000,0.000000,0.000000,0.000000,0.000000,0.000000,0.000000,0.000000,0.000000,0.000000,0.000000,0.000000,0.000000,0.000000,0.033278,-0.027930,-0.010041,0.059794,-0.069051,-0.015480,0.079611,-0.104691,-0.021136,0.098062,-0.126788,-0.027067,0.038743,-0.149982,-0.007008,0.049122,-0.206332,-0.016192,0.053357,-0.241904,-0.024872,0.056487,-0.274583,-0.031482,0.018350,-0.160742,-0.009798,0.022826,-0.228997,-0.017537,0.024828,-0.271957,-0.025663,0.025628,-0.310218,-0.031853,-0.001428,-0.157114,-0.014126,-0.002002,-0.220705,-0.021976,-0.002124,-0.262842,-0.028570,-0.002438,-0.301262,-0.033427,-0.021583,-0.141494,-0.019590,-0.026241,-0.189127,-0.027241,-0.029111,-0.220805,-0.030540,-0.031506,-0.251706,-0.032581,0.000000,0.000000,-0.879513,-0.489253,0.051356,-0.923613,0.038833,-1.114650,0.041116,-0.731099,0.207704,-1.050592,-0.183892,-1.057468
PRUEBA_2,prueba,0,15,0.000000,0.000000,0.000000,0.000000,0.000000,0.000000,0.000000,0.000000,0.000000,0.000000,0.000000,0.000000,0.000000,0.000000,0.000000,0.000000,0.000000,0.000000,0.000000,0.000000,0.000000,0.000000,0.000000,0.000000,0.000000,0.000000,0.000000,0.000000,0.000000,0.000000,0.000000,0.000000,0.000000,0.000000,0.000000,0.000000,0.000000,0.000000,0.000000,0.000000,0.000000,0.000000,0.000000,0.000000,0.000000,0.000000,0.000000,0.000000,0.000000,0.000000,0.000000,0.000000,0.000000,0.000000,0.000000,0.000000,0.000000,0.000000,0.000000,0.000000,0.000000,0.000000,0.000000,0.000000,0.000000,0.000000,0.033536,-0.028276,-0.010792,0.060515,-0.069973,-0.016626,0.080051,-0.107294,-0.022579,0.098346,-0.129183,-0.028790,0.041054,-0.151030,-0.007956,0.049634,-0.208186,-0.017485,0.052968,-0.244319,-0.026403,0.055075,-0.277390,-0.033170,0.020196,-0.162395,-0.010602,0.023707,-0.232044,-0.018667,0.025109,-0.275064,-0.026917,0.025393,-0.313078,-0.033044,-0.000462,-0.159159,-0.014808,-0.001309,-0.223745,-0.022865,-0.002541,-0.265387,-0.029391,-0.003731,-0.303141,-0.034027,-0.021712,-0.143482,-0.020227,-0.026267,-0.191092,-0.027874,-0.029502,-0.222496,-0.031141,-0.032313,-0.252741,-0.033014,0.000000,0.000000,-0.893968,-0.501700,0.049454,-0.924297,0.037137,-1.114081,0.039687,-0.733616,0.207376,-1.051124,-0.184743,-1.055135
PRUEBA_2,prueba,0,16,0.000000,0.000000,0.000000,0.000000,0.000000,0.000000,0.000000,0.000000,0.000000,0.000000,0.000000,0.000000,0.000000,0.000000,0.000000,0.000000,0.000000,0.000000,0.000000,0.000000,0.000000,0.000000,0.000000,0.000000,0.000000,0.000000,0.000000,0.000000,0.000000,0.000000,0.000000,0.000000,0.000000,0.000000,0.000000,0.000000,0.000000,0.000000,0.000000,0.000000,0.000000,0.000000,0.000000,0.000000,0.000000,0.000000,0.000000,0.000000,0.000000,0.000000,0.000000,0.000000,0.000000,0.000000,0.000000,0.000000,0.000000,0.000000,0.000000,0.000000,0.000000,0.000000,0.000000,0.000000,0.000000,0.000000,0.033560,-0.028312,-0.010313,0.060221,-0.072037,-0.015353,0.079378,-0.109675,-0.020509,0.097695,-0.131271,-0.025952,0.039545,-0.154116,-0.007070,0.048832,-0.211201,-0.016004,0.052406,-0.247300,-0.024615,0.054735,-0.280334,-0.031256,0.018636,-0.163950,-0.009701,0.022631,-0.233042,-0.017235,0.024430,-0.275519,-0.025288,0.024957,-0.312928,-0.031460,-0.001492,-0.159626,-0.013886,-0.002318,-0.223088,-0.021543,-0.002903,-0.265275,-0.028178,-0.003907,-0.303475,-0.033094,-0.022118,-0.143443,-0.019259,-0.025990,-0.191184,-0.026663,-0.028869,-0.222728,-0.029986,-0.031645,-0.253317,-0.032104,0.000000,0.000000,-0.894073,-0.492717,0.050225,-0.931688,0.037625,-1.118527,0.040198,-0.744383,0.206805,-1.053548,-0.184400,-1.054276
PRUEBA_2,prueba,0,17,0.000000,0.000000,0.000000,0.000000,0.000000,0.000000,0.000000,0.000000,0.000000,0.000000,0.000000,0.000000,0.000000,0.000000,0.000000,0.000000,0.000000,0.000000,0.000000,0.000000,0.000000,0.000000,0.000000,0.000000,0.000000,0.000000,0.000000,0.000000,0.000000,0.000000,0.000000,0.000000,0.000000,0.000000,0.000000,0.000000,0.000000,0.000000,0.000000,0.000000,0.000000,0.000000,0.000000,0.000000,0.000000,0.000000,0.000000,0.000000,0.000000,0.000000,0.000000,0.000000,0.000000,0.000000,0.000000,0.000000,0.000000,0.000000,0.000000,0.000000,0.000000,0.000000,0.000000,0.000000,0.000000,0.000000,0.033587,-0.028355,-0.010054,0.060181,-0.071810,-0.015064,0.079356,-0.109564,-0.020268,0.097720,-0.131676,-0.025772,0.038955,-0.154119,-0.006700,0.048359,-0.210967,-0.015639,0.052402,-0.246818,-0.024259,0.055320,-0.279631,-0.030904,0.018304,-0.163855,-0.009472,0.022051,-0.232263,-0.017069,0.023799,-0.274861,-0.025202,0.024306,-0.312515,-0.031457,-0.001627,-0.159314,-0.013806,-0.002659,-0.222707,-0.021621,-0.003311,-0.265233,-0.028425,-0.004349,-0.303886,-0.033468,-0.022046,-0.142786,-0.019292,-0.026300,-0.190505,-0.026870,-0.029249,-0.222301,-0.030353,-0.032069,-0.253239,-0.032609,0.000000,0.000000,-0.891476,-0.490937,0.045714,-0.930333,0.034013,-1.117601,0.036730,-0.743053,0.205746,-1.054146,-0.186659,-1.054086
PRUEBA_2,prueba,0,18,0.000000,0.000000,0.000000,0.000000,0.000000,0.000000,0.000000,0.000000,0.000000,0.000000,0.000000,0.000000,0.000000,0.000000,0.000000,0.000000,0.000000,0.000000,0.000000,0.000000,0.000000,0.000000,0.000000,0.000000,0.000000,0.000000,0.000000,0.000000,0.000000,0.000000,0.000000,0.000000,0.000000,0.000000,0.000000,0.000000,0.000000,0.000000,0.000000,0.000000,0.000000,0.000000,0.000000,0.000000,0.000000,0.000000,0.000000,0.000000,0.000000,0.000000,0.000000,0.000000,0.000000,0.000000,0.000000,0.000000,0.000000,0.000000,0.000000,0.000000,0.000000,0.000000,0.000000,0.000000,0.000000,0.000000,0.033175,-0.029464,-0.009495,0.059108,-0.073442,-0.014358,0.078356,-0.110046,-0.019490,0.096762,-0.131173,-0.024994,0.038058,-0.152594,-0.006690,0.047672,-0.209669,-0.015632,0.051778,-0.245703,-0.024135,0.054765,-0.278712,-0.030682,0.017318,-0.162366,-0.009746,0.021136,-0.231207,-0.017344,0.022823,-0.274196,-0.025381,0.023385,-0.312514,-0.031548,-0.002703,-0.157787,-0.014295,-0.003774,-0.221777,-0.022112,-0.004208,-0.264597,-0.028866,-0.004963,-0.303450,-0.033854,-0.023119,-0.141375,-0.019926,-0.027383,-0.189813,-0.027504,-0.030178,-0.221878,-0.030871,-0.032656,-0.253028,-0.033050,0.000000,0.000000,-0.886783,-0.482054,0.044887,-0.930077,0.033402,-1.117387,0.036055,-0.742890,0.205162,-1.053991,-0.187272,-1.054020
PRUEBA_2,prueba,0,19,0.000000,0.000000,0.000000,0.000000,0.000000,0.000000,0.000000,0.000000,0.000000,0.000000,0.000000,0.000000,0.000000,0.000000,0.000000,0.000000,0.000000,0.000000,0.000000,0.000000,0.000000,0.000000,0.000000,0.000000,0.000000,0.000000,0.000000,0.000000,0.000000,0.000000,0.000000,0.000000,0.000000,0.000000,0.000000,0.000000,0.000000,0.000000,0.000000,0.000000,0.000000,0.000000,0.000000,0.000000,0.000000,0.000000,0.000000,0.000000,0.000000,0.000000,0.000000,0.000000,0.000000,0.000000,0.000000,0.000000,0.000000,0.000000,0.000000,0.000000,0.000000,0.000000,0.000000,0.000000,0.000000,0.000000,0.033985,-0.028940,-0.009063,0.059965,-0.073545,-0.013293,0.078722,-0.111278,-0.017861,0.096949,-0.131336,-0.022807,0.038703,-0.152724,-0.005392,0.048092,-0.209437,-0.013655,0.052046,-0.245164,-0.021846,0.054894,-0.277727,-0.028247,0.017984,-0.162772,-0.008368,0.021539,-0.231786,-0.015462,0.023323,-0.274948,-0.023478,0.023961,-0.312982,-0.029603,-0.001883,-0.158602,-0.012808,-0.003470,-0.222310,-0.020294,-0.004072,-0.265118,-0.027292,-0.004919,-0.303821,-0.032431,-0.022065,-0.142516,-0.018289,-0.026528,-0.190754,-0.025656,-0.029535,-0.222502,-0.029170,-0.032206,-0.253316,-0.031455,0.000000,0.000000,-0.891448,-0.480522,0.041558,-0.941781,0.030508,-1.128313,0.034021,-0.753029,0.204131,-1.062822,-0.189073,-1.058837
PRUEBA_2,prueba,0,20,0.000000,0.000000,0.000000,0.000000,0.000000,0.000000,0.000000,0.000000,0.000000,0.000000,0.000000,0.000000,0.000000,0.000000,0.000000,0.000000,0.000000,0.000000,0.000000,0.000000,0.000000,0.000000,0.000000,0.000000,0.000000,0.000000,0.000000,0.000000,0.000000,0.000000,0.000000,0.000000,0.000000,0.000000,0.000000,0.000000,0.000000,0.000000,0.000000,0.000000,0.000000,0.000000,0.000000,0.000000,0.000000,0.000000,0.000000,0.000000,0.000000,0.000000,0.000000,0.000000,0.000000,0.000000,0.000000,0.000000,0.000000,0.000000,0.000000,0.000000,0.000000,0.000000,0.000000,0.000000,0.000000,0.000000,0.033656,-0.029005,-0.009417,0.059641,-0.073274,-0.013956,0.078886,-0.110791,-0.018797,0.097154,-0.131531,-0.023989,0.038319,-0.153202,-0.005819,0.047724,-0.209752,-0.014311,0.051684,-0.245462,-0.022670,0.054649,-0.278347,-0.029222,0.017641,-0.163121,-0.008728,0.021298,-0.231627,-0.016067,0.023192,-0.274436,-0.024181,0.024007,-0.312487,-0.030416,-0.002199,-0.158656,-0.013143,-0.003727,-0.222095,-0.020860,-0.004104,-0.264710,-0.027835,-0.004663,-0.303531,-0.032971,-0.022311,-0.142297,-0.018640,-0.026692,-0.190611,-0.026222,-0.029483,-0.222359,-0.029818,-0.031839,-0.253384,-0.032165,0.000000,0.000000,-0.891461,-0.476102,0.043456,-0.938873,0.032506,-1.125783,0.035771,-0.750867,0.206082,-1.059897,-0.187518,-1.057170
PRUEBA_2,prueba,0,21,0.000000,0.000000,0.000000,0.000000,0.000000,0.000000,0.000000,0.000000,0.000000,0.000000,0.000000,0.000000,0.000000,0.000000,0.000000,0.000000,0.000000,0.000000,0.000000,0.000000,0.000000,0.000000,0.000000,0.000000,0.000000,0.000000,0.000000,0.000000,0.000000,0.000000,0.000000,0.000000,0.000000,0.000000,0.000000,0.000000,0.000000,0.000000,0.000000,0.000000,0.000000,0.000000,0.000000,0.000000,0.000000,0.000000,0.000000,0.000000,0.000000,0.000000,0.000000,0.000000,0.000000,0.000000,0.000000,0.000000,0.000000,0.000000,0.000000,0.000000,0.000000,0.000000,0.000000,0.000000,0.000000,0.000000,0.033755,-0.028848,-0.009399,0.059803,-0.073096,-0.013905,0.078939,-0.110819,-0.018706,0.097164,-0.131760,-0.023867,0.038405,-0.153109,-0.005805,0.047753,-0.209639,-0.014279,0.051724,-0.245302,-0.022626,0.054695,-0.278125,-0.029171,0.017726,-0.163062,-0.008710,0.021360,-0.231620,-0.016036,0.023238,-0.274512,-0.024168,0.024060,-0.312594,-0.030417,-0.002102,-0.158595,-0.013119,-0.003604,-0.222088,-0.020878,-0.004012,-0.264767,-0.027916,-0.004594,-0.303655,-0.033086,-0.022230,-0.142161,-0.018594,-0.026596,-0.190615,-0.026252,-0.029452,-0.222292,-0.029897,-0.031914,-0.253235,-0.032268,0.000000,0.000000,-0.891752,-0.479748,0.043360,-0.948008,0.031973,-1.134291,0.035542,-0.758258,0.205328,-1.068619,-0.188516,-1.064319
PRUEBA_2,prueba,0,22,0.000000,0.000000,0.000000,0.000000,0.000000,0.000000,0.000000,0.000000,0.000000,0.000000,0.000000,0.000000,0.000000,0.000000,0.000000,0.000000,0.000000,0.000000,0.000000,0.000000,0.000000,0.000000,0.000000,0.000000,0.000000,0.000000,0.000000,0.000000,0.000000,0.000000,0.000000,0.000000,0.000000,0.000000,0.000000,0.000000,0.000000,0.000000,0.000000,0.000000,0.000000,0.000000,0.000000,0.000000,0.000000,0.000000,0.000000,0.000000,0.000000,0.000000,0.000000,0.000000,0.000000,0.000000,0.000000,0.000000,0.000000,0.000000,0.000000,0.000000,0.000000,0.000000,0.000000,0.000000,0.000000,0.000000,0.033694,-0.028372,-0.010019,0.060510,-0.071421,-0.014765,0.080094,-0.109015,-0.019682,0.098103,-0.130484,-0.024947,0.039603,-0.152817,-0.006235,0.048558,-0.209145,-0.014795,0.052130,-0.244790,-0.023305,0.054699,-0.277921,-0.029979,0.018686,-0.163086,-0.008838,0.022101,-0.231289,-0.016186,0.023610,-0.274030,-0.024433,0.024176,-0.312156,-0.030766,-0.001377,-0.158708,-0.012977,-0.003037,-0.222185,-0.020693,-0.003893,-0.265036,-0.027683,-0.004791,-0.304123,-0.032832,-0.021726,-0.142270,-0.018252,-0.026324,-0.190367,-0.025843,-0.029294,-0.221998,-0.029389,-0.031772,-0.252992,-0.031669,0.000000,0.000000,-0.894433,-0.483133,0.045499,-0.949886,0.033649,-1.136337,0.036846,-0.761714,0.206321,-1.068688,-0.187381,-1.064368
PRUEBA_2,prueba,0,23,0.000000,0.000000,0.000000,0.000000,0.000000,0.000000,0.000000,0.000000,0.000000,0.000000,0.000000,0.000000,0.000000,0.000000,0.000000,0.000000,0.000000,0.000000,0.000000,0.000000,0.000000,0.000000,0.000000,0.000000,0.000000,0.000000,0.000000,0.000000,0.000000,0.000000,0.000000,0.000000,0.000000,0.000000,0.000000,0.000000,0.000000,0.000000,0.000000,0.000000,0.000000,0.000000,0.000000,0.000000,0.000000,0.000000,0.000000,0.000000,0.000000,0.000000,0.000000,0.000000,0.000000,0.000000,0.000000,0.000000,0.000000,0.000000,0.000000,0.000000,0.000000,0.000000,0.000000,0.000000,0.000000,0.000000,0.033906,-0.030255,-0.009830,0.059543,-0.073608,-0.014647,0.077814,-0.111002,-0.019686,0.095917,-0.132743,-0.024950,0.038126,-0.154708,-0.005528,0.047137,-0.211064,-0.013967,0.050714,-0.246716,-0.022461,0.053241,-0.279593,-0.029099,0.016974,-0.164761,-0.008246,0.020399,-0.233200,-0.015388,0.021991,-0.276033,-0.023506,0.022561,-0.314084,-0.029711,-0.003202,-0.160337,-0.012525,-0.004371,-0.224370,-0.020065,-0.005189,-0.267164,-0.026947,-0.006118,-0.306133,-0.031981,-0.023385,-0.143803,-0.017924,-0.027810,-0.191741,-0.025368,-0.030810,-0.223457,-0.028754,-0.033374,-0.254211,-0.030857,0.000000,0.000000,-0.889555,-0.473478,0.042577,-0.951375,0.031731,-1.138289,0.034756,-0.762859,0.205558,-1.070439,-0.188672,-1.066506
PRUEBA_2,prueba,0,24,0.000000,0.000000,0.000000,0.000000,0.000000,0.000000,0.000000,0.000000,0.000000,0.000000,0.000000,0.000000,0.000000,0.000000,0.000000,0.000000,0.000000,0.000000,0.000000,0.000000,0.000000,0.000000,0.000000,0.000000,0.000000,0.000000,0.000000,0.000000,0.000000,0.000000,0.000000,0.000000,0.000000,0.000000,0.000000,0.000000,0.000000,0.000000,0.000000,0.000000,0.000000,0.000000,0.000000,0.000000,0.000000,0.000000,0.000000,0.000000,0.000000,0.000000,0.000000,0.000000,0.000000,0.000000,0.000000,0.000000,0.000000,0.000000,0.000000,0.000000,0.000000,0.000000,0.000000,0.000000,0.000000,0.000000,0.034087,-0.030376,-0.009454,0.059996,-0.073970,-0.014066,0.078385,-0.111658,-0.018979,0.096405,-0.133685,-0.024134,0.038602,-0.154724,-0.004962,0.047963,-0.211075,-0.013263,0.051667,-0.247020,-0.021642,0.054180,-0.279870,-0.028159,0.017479,-0.165013,-0.007788,0.020865,-0.234063,-0.014805,0.022445,-0.277334,-0.022856,0.022879,-0.315487,-0.028984,-0.002710,-0.160750,-0.012160,-0.004269,-0.224597,-0.019573,-0.005131,-0.267220,-0.026439,-0.006188,-0.305882,-0.031460,-0.022919,-0.144267,-0.017618,-0.027410,-0.192110,-0.024844,-0.030369,-0.223511,-0.028114,-0.032954,-0.253987,-0.030167,0.000000,0.000000,-0.892059,-0.464646,0.046254,-0.946409,0.034705,-1.133148,0.037265,-0.759346,0.206320,-1.064714,-0.186317,-1.061378
PRUEBA_2,prueba,0,25,0.000000,0.000000,0.000000,0.000000,0.000000,0.000000,0.000000,0.000000,0.000000,0.000000,0.000000,0.000000,0.000000,0.000000,0.000000,0.000000,0.000000,0.000000,0.000000,0.000000,0.000000,0.000000,0.000000,0.000000,0.000000,0.000000,0.000000,0.000000,0.000000,0.000000,0.000000,0.000000,0.000000,0.000000,0.000000,0.000000,0.000000,0.000000,0.000000,0.000000,0.000000,0.000000,0.000000,0.000000,0.000000,0.000000,0.000000,0.000000,0.000000,0.000000,0.000000,0.000000,0.000000,0.000000,0.000000,0.000000,0.000000,0.000000,0.000000,0.000000,0.000000,0.000000,0.000000,0.000000,0.000000,0.000000,0.033302,-0.028890,-0.010339,0.060398,-0.073074,-0.015379,0.080073,-0.110591,-0.020507,0.097782,-0.132142,-0.025825,0.039329,-0.155952,-0.006292,0.047991,-0.213274,-0.014711,0.051554,-0.249741,-0.023026,0.053758,-0.282841,-0.029429,0.018077,-0.166740,-0.008702,0.020678,-0.237748,-0.015763,0.021846,-0.280961,-0.023661,0.021835,-0.318417,-0.029580,-0.002512,-0.162932,-0.012658,-0.004691,-0.228367,-0.020019,-0.006312,-0.270675,-0.026651,-0.007976,-0.308610,-0.031421,-0.023672,-0.146654,-0.017758,-0.028527,-0.195901,-0.024709,-0.031648,-0.226618,-0.027649,-0.034055,-0.256282,-0.029381,0.000000,0.000000,-0.893044,-0.485640,0.047087,-0.960247,0.035070,-1.146362,0.037393,-0.771742,0.206582,-1.074221,-0.186618,-1.070180
PRUEBA_2,prueba,0,26,0.000000,0.000000,0.000000,0.000000,0.000000,0.000000,0.000000,0.000000,0.000000,0.000000,0.000000,0.000000,0.000000,0.000000,0.000000,0.000000,0.000000,0.000000,0.000000,0.000000,0.000000,0.000000,0.000000,0.000000,0.000000,0.000000,0.000000,0.000000,0.000000,0.000000,0.000000,0.000000,0.000000,0.000000,0.000000,0.000000,0.000000,0.000000,0.000000,0.000000,0.000000,0.000000,0.000000,0.000000,0.000000,0.000000,0.000000,0.000000,0.000000,0.000000,0.000000,0.000000,0.000000,0.000000,0.000000,0.000000,0.000000,0.000000,0.000000,0.000000,0.000000,0.000000,0.000000,0.000000,0.000000,0.000000,0.034447,-0.028913,-0.009917,0.061928,-0.072116,-0.014617,0.081930,-0.109570,-0.019530,0.099708,-0.132453,-0.024643,0.040094,-0.156022,-0.005406,0.049044,-0.212379,-0.013752,0.052824,-0.248329,-0.022095,0.055585,-0.281379,-0.028537,0.018957,-0.166537,-0.007999,0.022247,-0.236507,-0.014940,0.023967,-0.279685,-0.022662,0.024609,-0.317468,-0.028561,-0.001426,-0.162301,-0.012212,-0.003594,-0.226475,-0.019555,-0.004622,-0.268305,-0.025844,-0.005608,-0.305926,-0.030419,-0.022203,-0.145848,-0.017615,-0.027246,-0.194698,-0.024551,-0.030185,-0.225915,-0.027394,-0.032473,-0.256320,-0.029158,0.000000,0.000000,-0.896184,-0.500101,0.044585,-0.963986,0.033509,-1.148698,0.035765,-0.773990,0.206566,-1.077733,-0.187496,-1.073069
PRUEBA_2,prueba,0,27,0.000000,0.000000,0.000000,0.000000,0.000000,0.000000,0.000000,0.000000,0.000000,0.000000,0.000000,0.000000,0.000000,0.000000,0.000000,0.000000,0.000000,0.000000,0.000000,0.000000,0.000000,0.000000,0.000000,0.000000,0.000000,0.000000,0.000000,0.000000,0.000000,0.000000,0.000000,0.000000,0.000000,0.000000,0.000000,0.000000,0.000000,0.000000,0.000000,0.000000,0.000000,0.000000,0.000000,0.000000,0.000000,0.000000,0.000000,0.000000,0.000000,0.000000,0.000000,0.000000,0.000000,0.000000,0.000000,0.000000,0.000000,0.000000,0.000000,0.000000,0.000000,0.000000,0.000000,0.000000,0.000000,0.000000,0.033993,-0.029176,-0.010187,0.061388,-0.071984,-0.015361,0.081657,-0.108577,-0.020801,0.100275,-0.129710,-0.026480,0.039883,-0.154298,-0.005923,0.049529,-0.210292,-0.014948,0.053882,-0.246002,-0.023797,0.057216,-0.278768,-0.030523,0.019351,-0.164828,-0.008635,0.023399,-0.234240,-0.016289,0.025588,-0.278260,-0.024545,0.026616,-0.317342,-0.030754,-0.000457,-0.160825,-0.012989,-0.001595,-0.224765,-0.020871,-0.002037,-0.266957,-0.027542,-0.002629,-0.305210,-0.032331,-0.020655,-0.144806,-0.018544,-0.024779,-0.192819,-0.025849,-0.027456,-0.223794,-0.028905,-0.029918,-0.253896,-0.030798,0.000000,0.000000,-0.893649,-0.511851,0.046250,-0.977334,0.034770,-1.158717,0.036873,-0.790698,0.207044,-1.084683,-0.186159,-1.079341
PRUEBA_2,prueba,0,28,0.000000,0.000000,0.000000,0.000000,0.000000,0.000000,0.000000,0.000000,0.000000,0.000000,0.000000,0.000000,0.000000,0.000000,0.000000,0.000000,0.000000,0.000000,0.000000,0.000000,0.000000,0.000000,0.000000,0.000000,0.000000,0.000000,0.000000,0.000000,0.000000,0.000000,0.000000,0.000000,0.000000,0.000000,0.000000,0.000000,0.000000,0.000000,0.000000,0.000000,0.000000,0.000000,0.000000,0.000000,0.000000,0.000000,0.000000,0.000000,0.000000,0.000000,0.000000,0.000000,0.000000,0.000000,0.000000,0.000000,0.000000,0.000000,0.000000,0.000000,0.000000,0.000000,0.000000,0.000000,0.000000,0.000000,0.033981,-0.029082,-0.010304,0.061273,-0.071769,-0.015519,0.081458,-0.108274,-0.020907,0.100212,-0.129924,-0.026550,0.039899,-0.153780,-0.006557,0.049569,-0.210070,-0.015598,0.053937,-0.245508,-0.024365,0.057172,-0.278137,-0.031015,0.019157,-0.164320,-0.009292,0.023676,-0.233990,-0.016864,0.025910,-0.277985,-0.025039,0.026795,-0.316869,-0.031231,-0.000947,-0.160101,-0.013648,-0.001952,-0.223863,-0.021455,-0.002316,-0.266188,-0.028109,-0.002926,-0.304495,-0.032933,-0.021627,-0.143733,-0.019198,-0.025500,-0.192142,-0.026550,-0.028040,-0.223800,-0.029647,-0.030359,-0.254678,-0.031600,0.000000,0.000000,-0.891092,-0.513667,0.048005,-0.986212,0.036258,-1.168211,0.037901,-0.804431,0.207346,-1.088595,-0.185222,-1.084430
PRUEBA_2,prueba,0,29,0.000000,0.000000,0.000000,0.000000,0.000000,0.000000,0.000000,0.000000,0.000000,0.000000,0.000000,0.000000,0.000000,0.000000,0.000000,0.000000,0.000000,0.000000,0.000000,0.000000,0.000000,0.000000,0.000000,0.000000,0.000000,0.000000,0.000000,0.000000,0.000000,0.000000,0.000000,0.000000,0.000000,0.000000,0.000000,0.000000,0.000000,0.000000,0.000000,0.000000,0.000000,0.000000,0.000000,0.000000,0.000000,0.000000,0.000000,0.000000,0.000000,0.000000,0.000000,0.000000,0.000000,0.000000,0.000000,0.000000,0.000000,0.000000,0.000000,0.000000,0.000000,0.000000,0.000000,0.000000,0.000000,0.000000,0.034426,-0.028884,-0.010801,0.061736,-0.071240,-0.016282,0.081572,-0.108826,-0.021863,0.099947,-0.131789,-0.027712,0.041055,-0.153631,-0.007165,0.050299,-0.210858,-0.016322,0.053823,-0.246805,-0.025129,0.056379,-0.280046,-0.031883,0.019883,-0.164340,-0.009603,0.023414,-0.233756,-0.017240,0.025032,-0.276991,-0.025383,0.025775,-0.315295,-0.031610,-0.000486,-0.160565,-0.013682,-0.001280,-0.225025,-0.021502,-0.002092,-0.267191,-0.028032,-0.002893,-0.305278,-0.032822,-0.021151,-0.144738,-0.018998,-0.025506,-0.192454,-0.026581,-0.028317,-0.224269,-0.029876,-0.030771,-0.255220,-0.031902,0.000000,0.000000,-0.898626,-0.515738,0.050071,-0.997931,0.038184,-1.175562,0.038934,-0.818883,0.207191,-1.095051,-0.185145,-1.082893
PRUEBA_2,prueba,0,30,0.000000,0.000000,0.000000,0.000000,0.000000,0.000000,0.000000,0.000000,0.000000,0.000000,0.000000,0.000000,0.000000,0.000000,0.000000,0.000000,0.000000,0.000000,0.000000,0.000000,0.000000,0.000000,0.000000,0.000000,0.000000,0.000000,0.000000,0.000000,0.000000,0.000000,0.000000,0.000000,0.000000,0.000000,0.000000,0.000000,0.000000,0.000000,0.000000,0.000000,0.000000,0.000000,0.000000,0.000000,0.000000,0.000000,0.000000,0.000000,0.000000,0.000000,0.000000,0.000000,0.000000,0.000000,0.000000,0.000000,0.000000,0.000000,0.000000,0.000000,0.000000,0.000000,0.000000,0.000000,0.000000,0.000000,0.034106,-0.028175,-0.010502,0.061032,-0.072030,-0.015605,0.080740,-0.109980,-0.020787,0.099517,-0.132278,-0.026162,0.040066,-0.153234,-0.006781,0.049727,-0.210140,-0.015724,0.053522,-0.246295,-0.024313,0.056165,-0.279369,-0.030897,0.019062,-0.163975,-0.009306,0.023188,-0.233703,-0.016891,0.025087,-0.277816,-0.024908,0.025778,-0.316832,-0.030999,-0.001091,-0.160425,-0.013455,-0.001885,-0.224652,-0.021291,-0.002161,-0.267115,-0.027850,-0.002607,-0.305370,-0.032621,-0.021633,-0.144995,-0.018810,-0.025922,-0.192907,-0.026239,-0.028548,-0.224672,-0.029432,-0.030734,-0.255375,-0.031440,0.000000,0.000000,-0.896094,-0.503068,0.052587,-1.005074,0.039712,-1.175891,0.040128,-0.822789,0.207467,-1.096632,-0.184267,-1.084968
PRUEBA_2,prueba,0,31,0.000000,0.000000,0.000000,0.000000,0.000000,0.000000,0.000000,0.000000,0.000000,0.000000,0.000000,0.000000,0.000000,0.000000,0.000000,0.000000,0.000000,0.000000,0.000000,0.000000,0.000000,0.000000,0.000000,0.000000,0.000000,0.000000,0.000000,0.000000,0.000000,0.000000,0.000000,0.000000,0.000000,0.000000,0.000000,0.000000,0.000000,0.000000,0.000000,0.000000,0.000000,0.000000,0.000000,0.000000,0.000000,0.000000,0.000000,0.000000,0.000000,0.000000,0.000000,0.000000,0.000000,0.000000,0.000000,0.000000,0.000000,0.000000,0.000000,0.000000,0.000000,0.000000,0.000000,0.000000,0.000000,0.000000,0.033888,-0.028539,-0.010420,0.060728,-0.072398,-0.015517,0.080312,-0.110210,-0.020723,0.099061,-0.132574,-0.026115,0.039611,-0.154035,-0.006429,0.049298,-0.210656,-0.015307,0.053204,-0.246705,-0.023911,0.055955,-0.279643,-0.030496,0.018712,-0.164575,-0.008962,0.022625,-0.233947,-0.016455,0.024455,-0.277927,-0.024472,0.025069,-0.316749,-0.030566,-0.001363,-0.160845,-0.013143,-0.002469,-0.224764,-0.020922,-0.002980,-0.267247,-0.027534,-0.003675,-0.305468,-0.032334,-0.021826,-0.145198,-0.018525,-0.026285,-0.193145,-0.025925,-0.029052,-0.225007,-0.029161,-0.031422,-0.255880,-0.031195,0.000000,0.000000,-0.894087,-0.500913,0.054156,-1.014798,0.041146,-1.184574,0.040920,-0.833454,0.207565,-1.102867,-0.183687,-1.089648
PRUEBA_2,prueba,0,32,0.000000,0.000000,0.000000,0.000000,0.000000,0.000000,0.000000,0.000000,0.000000,0.000000,0.000000,0.000000,0.000000,0.000000,0.000000,0.000000,0.000000,0.000000,0.000000,0.000000,0.000000,0.000000,0.000000,0.000000,0.000000,0.000000,0.000000,0.000000,0.000000,0.000000,0.000000,0.000000,0.000000,0.000000,0.000000,0.000000,0.000000,0.000000,0.000000,0.000000,0.000000,0.000000,0.000000,0.000000,0.000000,0.000000,0.000000,0.000000,0.000000,0.000000,0.000000,0.000000,0.000000,0.000000,0.000000,0.000000,0.000000,0.000000,0.000000,0.000000,0.000000,0.000000,0.000000,0.000000,0.000000,0.000000,0.034003,-0.028190,-0.010533,0.060972,-0.070738,-0.015751,0.080809,-0.107797,-0.021105,0.099667,-0.129475,-0.026687,0.039746,-0.153436,-0.006331,0.049210,-0.209202,-0.015128,0.053024,-0.244608,-0.023788,0.055833,-0.277367,-0.030475,0.018952,-0.163781,-0.008850,0.022750,-0.232202,-0.016293,0.024819,-0.275269,-0.024418,0.025789,-0.313804,-0.030655,-0.001051,-0.159573,-0.013032,-0.002602,-0.222516,-0.020836,-0.003092,-0.264423,-0.027570,-0.003628,-0.302747,-0.032493,-0.021436,-0.143398,-0.018434,-0.025938,-0.191175,-0.025855,-0.028549,-0.222654,-0.029171,-0.030646,-0.253709,-0.031323,0.000000,0.000000,-0.893010,-0.504163,0.054674,-1.021840,0.041583,-1.188816,0.041269,-0.842914,0.206717,-1.106015,-0.183208,-1.091907
PRUEBA_2,prueba,0,33,0.000000,0.000000,0.000000,0.000000,0.000000,0.000000,0.000000,0.000000,0.000000,0.000000,0.000000,0.000000,0.000000,0.000000,0.000000,0.000000,0.000000,0.000000,0.000000,0.000000,0.000000,0.000000,0.000000,0.000000,0.000000,0.000000,0.000000,0.000000,0.000000,0.000000,0.000000,0.000000,0.000000,0.000000,0.000000,0.000000,0.000000,0.000000,0.000000,0.000000,0.000000,0.000000,0.000000,0.000000,0.000000,0.000000,0.000000,0.000000,0.000000,0.000000,0.000000,0.000000,0.000000,0.000000,0.000000,0.000000,0.000000,0.000000,0.000000,0.000000,0.000000,0.000000,0.000000,0.000000,0.000000,0.000000,0.034642,-0.028193,-0.010183,0.061252,-0.072245,-0.014876,0.080372,-0.110570,-0.019749,0.099474,-0.131045,-0.024858,0.039342,-0.152090,-0.005635,0.049255,-0.208431,-0.014199,0.053476,-0.244575,-0.022649,0.056570,-0.277739,-0.029229,0.018524,-0.163080,-0.008165,0.022531,-0.232053,-0.015536,0.024539,-0.275588,-0.023639,0.025361,-0.314346,-0.029809,-0.001470,-0.159723,-0.012321,-0.002521,-0.223258,-0.020085,-0.002901,-0.266127,-0.026943,-0.003518,-0.305067,-0.031923,-0.021889,-0.144428,-0.017650,-0.025795,-0.192337,-0.025025,-0.028225,-0.224242,-0.028429,-0.030333,-0.255286,-0.030648,0.000000,0.000000,-0.890157,-0.496768,0.054651,-1.029337,0.041533,-1.193785,0.041150,-0.853456,0.205942,-1.107745,-0.183036,-1.094010
PRUEBA_2,prueba,0,34,0.000000,0.000000,0.000000,0.000000,0.000000,0.000000,0.000000,0.000000,0.000000,0.000000,0.000000,0.000000,0.000000,0.000000,0.000000,0.000000,0.000000,0.000000,0.000000,0.000000,0.000000,0.000000,0.000000,0.000000,0.000000,0.000000,0.000000,0.000000,0.000000,0.000000,0.000000,0.000000,0.000000,0.000000,0.000000,0.000000,0.000000,0.000000,0.000000,0.000000,0.000000,0.000000,0.000000,0.000000,0.000000,0.000000,0.000000,0.000000,0.000000,0.000000,0.000000,0.000000,0.000000,0.000000,0.000000,0.000000,0.000000,0.000000,0.000000,0.000000,0.000000,0.000000,0.000000,0.000000,0.000000,0.000000,0.034020,-0.028329,-0.009915,0.060292,-0.071627,-0.014760,0.079225,-0.109314,-0.019907,0.098149,-0.130737,-0.025362,0.038705,-0.152103,-0.005792,0.048358,-0.208066,-0.014754,0.052657,-0.243813,-0.023461,0.055932,-0.276694,-0.030169,0.018010,-0.162632,-0.008717,0.021755,-0.231594,-0.016470,0.023608,-0.275219,-0.024813,0.024427,-0.314240,-0.031131,-0.001892,-0.158585,-0.013256,-0.003075,-0.222158,-0.021393,-0.003612,-0.265367,-0.028396,-0.004085,-0.304937,-0.033448,-0.022249,-0.142533,-0.018933,-0.026267,-0.190444,-0.026674,-0.028854,-0.222481,-0.030185,-0.031016,-0.253734,-0.032441,0.000000,0.000000,-0.887596,-0.491762,0.055638,-1.027805,0.041873,-1.192207,0.041666,-0.850407,0.205547,-1.107542,-0.183106,-1.092517
PRUEBA_2,prueba,0,35,0.000000,0.000000,0.000000,0.000000,0.000000,0.000000,0.000000,0.000000,0.000000,0.000000,0.000000,0.000000,0.000000,0.000000,0.000000,0.000000,0.000000,0.000000,0.000000,0.000000,0.000000,0.000000,0.000000,0.000000,0.000000,0.000000,0.000000,0.000000,0.000000,0.000000,0.000000,0.000000,0.000000,0.000000,0.000000,0.000000,0.000000,0.000000,0.000000,0.000000,0.000000,0.000000,0.000000,0.000000,0.000000,0.000000,0.000000,0.000000,0.000000,0.000000,0.000000,0.000000,0.000000,0.000000,0.000000,0.000000,0.000000,0.000000,0.000000,0.000000,0.000000,0.000000,0.000000,0.000000,0.000000,0.000000,0.034048,-0.028333,-0.009985,0.060482,-0.071583,-0.014823,0.079404,-0.109213,-0.019930,0.098183,-0.130485,-0.025349,0.038792,-0.152132,-0.005808,0.048350,-0.207985,-0.014720,0.052704,-0.243631,-0.023426,0.056026,-0.276479,-0.030131,0.018155,-0.162577,-0.008663,0.021899,-0.231530,-0.016370,0.023802,-0.275210,-0.024736,0.024659,-0.314163,-0.031048,-0.001739,-0.158451,-0.013131,-0.002935,-0.222031,-0.021248,-0.003469,-0.265156,-0.028319,-0.003969,-0.304632,-0.033393,-0.022127,-0.142312,-0.018734,-0.026169,-0.190257,-0.026478,-0.028836,-0.222153,-0.030022,-0.031071,-0.253366,-0.032283,0.000000,0.000000,-0.888316,-0.492289,0.055132,-1.031727,0.041350,-1.194740,0.041098,-0.855994,0.204180,-1.109820,-0.183209,-1.093067
PRUEBA_2,prueba,0,36,0.000000,0.000000,0.000000,0.000000,0.000000,0.000000,0.000000,0.000000,0.000000,0.000000,0.000000,0.000000,0.000000,0.000000,0.000000,0.000000,0.000000,0.000000,0.000000,0.000000,0.000000,0.000000,0.000000,0.000000,0.000000,0.000000,0.000000,0.000000,0.000000,0.000000,0.000000,0.000000,0.000000,0.000000,0.000000,0.000000,0.000000,0.000000,0.000000,0.000000,0.000000,0.000000,0.000000,0.000000,0.000000,0.000000,0.000000,0.000000,0.000000,0.000000,0.000000,0.000000,0.000000,0.000000,0.000000,0.000000,0.000000,0.000000,0.000000,0.000000,0.000000,0.000000,0.000000,0.000000,0.000000,0.000000,0.034086,-0.028823,-0.010297,0.060796,-0.071699,-0.015454,0.080020,-0.109664,-0.020757,0.098747,-0.132304,-0.026264,0.039462,-0.151990,-0.006100,0.049122,-0.208296,-0.015101,0.053346,-0.244079,-0.023848,0.056580,-0.276923,-0.030531,0.018486,-0.162865,-0.008774,0.022324,-0.232090,-0.016462,0.024368,-0.275926,-0.024771,0.025491,-0.315120,-0.031049,-0.001765,-0.159304,-0.013081,-0.002650,-0.223087,-0.021077,-0.002896,-0.265983,-0.027936,-0.003070,-0.304963,-0.032875,-0.022372,-0.143658,-0.018555,-0.026338,-0.191533,-0.026165,-0.028850,-0.223545,-0.029509,-0.030829,-0.254768,-0.031595,0.000000,0.000000,-0.891250,-0.481581,0.055670,-1.029297,0.041877,-1.192832,0.041597,-0.853469,0.204688,-1.108053,-0.182867,-1.092009
PRUEBA_2,prueba,0,37,0.000000,0.000000,0.000000,0.000000,0.000000,0.000000,0.000000,0.000000,0.000000,0.000000,0.000000,0.000000,0.000000,0.000000,0.000000,0.000000,0.000000,0.000000,0.000000,0.000000,0.000000,0.000000,0.000000,0.000000,0.000000,0.000000,0.000000,0.000000,0.000000,0.000000,0.000000,0.000000,0.000000,0.000000,0.000000,0.000000,0.000000,0.000000,0.000000,0.000000,0.000000,0.000000,0.000000,0.000000,0.000000,0.000000,0.000000,0.000000,0.000000,0.000000,0.000000,0.000000,0.000000,0.000000,0.000000,0.000000,0.000000,0.000000,0.000000,0.000000,0.000000,0.000000,0.000000,0.000000,0.000000,0.000000,0.034122,-0.029282,-0.010056,0.061092,-0.072306,-0.015165,0.080853,-0.109153,-0.020532,0.099587,-0.130369,-0.026181,0.039884,-0.152309,-0.005968,0.049441,-0.208287,-0.014953,0.053518,-0.243815,-0.023755,0.056602,-0.276345,-0.030469,0.019047,-0.162922,-0.008713,0.022952,-0.231648,-0.016346,0.024825,-0.275285,-0.024687,0.025619,-0.314232,-0.031004,-0.001098,-0.159313,-0.013064,-0.001856,-0.223110,-0.020889,-0.002339,-0.265508,-0.027710,-0.002943,-0.304014,-0.032656,-0.021728,-0.143800,-0.018575,-0.025814,-0.191617,-0.025982,-0.028532,-0.223267,-0.029270,-0.030902,-0.254067,-0.031333,0.000000,0.000000,-0.894699,-0.482420,0.055938,-1.028125,0.042188,-1.192282,0.041827,-0.852032,0.204884,-1.107717,-0.182685,-1.091362
PRUEBA_2,prueba,0,38,0.000000,0.000000,0.000000,0.000000,0.000000,0.000000,0.000000,0.000000,0.000000,0.000000,0.000000,0.000000,0.000000,0.000000,0.000000,0.000000,0.000000,0.000000,0.000000,0.000000,0.000000,0.000000,0.000000,0.000000,0.000000,0.000000,0.000000,0.000000,0.000000,0.000000,0.000000,0.000000,0.000000,0.000000,0.000000,0.000000,0.000000,0.000000,0.000000,0.000000,0.000000,0.000000,0.000000,0.000000,0.000000,0.000000,0.000000,0.000000,0.000000,0.000000,0.000000,0.000000,0.000000,0.000000,0.000000,0.000000,0.000000,0.000000,0.000000,0.000000,0.000000,0.000000,0.000000,0.000000,0.000000,0.000000,0.034293,-0.028426,-0.010474,0.061247,-0.071206,-0.015595,0.080717,-0.108644,-0.020864,0.099421,-0.129673,-0.026360,0.040119,-0.152614,-0.006305,0.049475,-0.208659,-0.015088,0.053340,-0.244124,-0.023731,0.056190,-0.277098,-0.030435,0.019263,-0.163545,-0.008793,0.023136,-0.231870,-0.016319,0.024907,-0.275319,-0.024559,0.025621,-0.314133,-0.030833,-0.000939,-0.160011,-0.012907,-0.001784,-0.223741,-0.020811,-0.002221,-0.266139,-0.027706,-0.002786,-0.304713,-0.032686,-0.021625,-0.144353,-0.018210,-0.025753,-0.192422,-0.025866,-0.028592,-0.224210,-0.029382,-0.031064,-0.255236,-0.031585,0.000000,0.000000,-0.894308,-0.487232,0.057489,-1.029515,0.043246,-1.193860,0.043049,-0.851959,0.204912,-1.109938,-0.182427,-1.093216
PRUEBA_2,prueba,1,0,0.000000,0.000000,0.000000,0.000000,0.000000,0.000000,0.000000,0.000000,0.000000,0.000000,0.000000,0.000000,0.000000,0.000000,0.000000,0.000000,0.000000,0.000000,0.000000,0.000000,0.000000,0.000000,0.000000,0.000000,0.000000,0.000000,0.000000,0.000000,0.000000,0.000000,0.000000,0.000000,0.000000,0.000000,0.000000,0.000000,0.000000,0.000000,0.000000,0.000000,0.000000,0.000000,0.000000,0.000000,0.000000,0.000000,0.000000,0.000000,0.000000,0.000000,0.000000,0.000000,0.000000,0.000000,0.000000,0.000000,0.000000,0.000000,0.000000,0.000000,0.000000,0.000000,0.000000,0.000000,0.000000,0.000000,0.033745,-0.028411,-0.011066,0.060848,-0.072554,-0.016314,0.080711,-0.110269,-0.021547,0.099243,-0.131461,-0.027055,0.039463,-0.154384,-0.007061,0.048525,-0.210278,-0.016066,0.051838,-0.245694,-0.024920,0.054296,-0.278611,-0.031829,0.018670,-0.165014,-0.009342,0.022255,-0.233486,-0.017073,0.023777,-0.276575,-0.025473,0.024360,-0.315010,-0.031884,-0.001331,-0.160991,-0.013293,-0.002328,-0.225208,-0.021387,-0.002785,-0.267488,-0.028382,-0.003337,-0.306088,-0.033478,-0.021717,-0.144794,-0.018474,-0.025874,-0.192394,-0.026374,-0.028560,-0.223787,-0.029992,-0.030909,-0.254489,-0.032287,0.000000,0.000000,-0.898090,-0.492102,0.071288,-1.016606,0.058372,-1.186692,0.054681,-0.836069,0.212442,-1.100957,-0.170908,-1.091108
PRUEBA_2,prueba,1,1,0.000000,0.000000,0.000000,0.000000,0.000000,0.000000,0.000000,0.000000,0.000000,0.000000,0.000000,0.000000,0.000000,0.000000,0.000000,0.000000,0.000000,0.000000,0.000000,0.000000,0.000000,0.000000,0.000000,0.000000,0.000000,0.000000,0.000000,0.000000,0.000000,0.000000,0.000000,0.000000,0.000000,0.000000,0.000000,0.000000,0.000000,0.000000,0.000000,0.000000,0.000000,0.000000,0.000000,0.000000,0.000000,0.000000,0.000000,0.000000,0.000000,0.000000,0.000000,0.000000,0.000000,0.000000,0.000000,0.000000,0.000000,0.000000,0.000000,0.000000,0.000000,0.000000,0.000000,0.000000,0.000000,0.000000,0.034329,-0.028601,-0.010521,0.061096,-0.073182,-0.015497,0.080586,-0.111177,-0.020574,0.099372,-0.132312,-0.025972,0.039695,-0.153809,-0.006693,0.049118,-0.209742,-0.015628,0.052468,-0.245419,-0.024351,0.054839,-0.278510,-0.031212,0.018785,-0.164522,-0.009243,0.022555,-0.232752,-0.017090,0.024015,-0.276181,-0.025522,0.024425,-0.315267,-0.031993,-0.001364,-0.160520,-0.013419,-0.002291,-0.224641,-0.021664,-0.002827,-0.267440,-0.028765,-0.003580,-0.306921,-0.033969,-0.021867,-0.144308,-0.018754,-0.025636,-0.192296,-0.026724,-0.028105,-0.224167,-0.030443,-0.030342,-0.255567,-0.032886,0.000000,0.000000,-0.898320,-0.497883,0.071089,-1.022995,0.057782,-1.193123,0.054438,-0.841995,0.212465,-1.107380,-0.171294,-1.096714
PRUEBA_2,prueba,1,2,0.000000,0.000000,0.000000,0.000000,0.000000,0.000000,0.000000,0.000000,0.000000,0.000000,0.000000,0.000000,0.000000,0.000000,0.000000,0.000000,0.000000,0.000000,0.000000,0.000000,0.000000,0.000000,0.000000,0.000000,0.000000,0.000000,0.000000,0.000000,0.000000,0.000000,0.000000,0.000000,0.000000,0.000000,0.000000,0.000000,0.000000,0.000000,0.000000,0.000000,0.000000,0.000000,0.000000,0.000000,0.000000,0.000000,0.000000,0.000000,0.000000,0.000000,0.000000,0.000000,0.000000,0.000000,0.000000,0.000000,0.000000,0.000000,0.000000,0.000000,0.000000,0.000000,0.000000,0.000000,0.000000,0.000000,0.034452,-0.028764,-0.010353,0.061379,-0.073283,-0.015096,0.080844,-0.111494,-0.019981,0.099710,-0.132193,-0.025214,0.039628,-0.153301,-0.006160,0.048986,-0.209053,-0.014918,0.052516,-0.244557,-0.023576,0.055131,-0.277501,-0.030399,0.018770,-0.164016,-0.008759,0.022297,-0.232680,-0.016400,0.023779,-0.276083,-0.024822,0.024318,-0.315279,-0.031299,-0.001243,-0.160220,-0.012981,-0.002229,-0.224167,-0.021086,-0.002876,-0.267017,-0.028228,-0.003664,-0.306461,-0.033460,-0.021712,-0.144360,-0.018357,-0.025614,-0.192171,-0.026195,-0.028088,-0.223822,-0.029867,-0.030247,-0.254836,-0.032282,0.000000,0.000000,-0.899800,-0.501168,0.070216,-1.027440,0.057409,-1.197977,0.053865,-0.847344,0.212303,-1.109902,-0.170846,-1.101987
PRUEBA_2,prueba,1,3,0.000000,0.000000,0.000000,0.000000,0.000000,0.000000,0.000000,0.000000,0.000000,0.000000,0.000000,0.000000,0.000000,0.000000,0.000000,0.000000,0.000000,0.000000,0.000000,0.000000,0.000000,0.000000,0.000000,0.000000,0.000000,0.000000,0.000000,0.000000,0.000000,0.000000,0.000000,0.000000,0.000000,0.000000,0.000000,0.000000,0.000000,0.000000,0.000000,0.000000,0.000000,0.000000,0.000000,0.000000,0.000000,0.000000,0.000000,0.000000,0.000000,0.000000,0.000000,0.000000,0.000000,0.000000,0.000000,0.000000,0.000000,0.000000,0.000000,0.000000,0.000000,0.000000,0.000000,0.000000,0.000000,0.000000,0.034267,-0.028718,-0.010445,0.061136,-0.073170,-0.015310,0.080806,-0.111074,-0.020312,0.099644,-0.131502,-0.025652,0.039447,-0.153156,-0.006342,0.048792,-0.208774,-0.015155,0.052310,-0.244281,-0.023835,0.054935,-0.277146,-0.030660,0.018613,-0.163874,-0.008886,0.022161,-0.232449,-0.016570,0.023659,-0.275830,-0.024988,0.024227,-0.314938,-0.031452,-0.001402,-0.160096,-0.013050,-0.002383,-0.224054,-0.021186,-0.003091,-0.266809,-0.028352,-0.003910,-0.306023,-0.033586,-0.021846,-0.144297,-0.018375,-0.025710,-0.192021,-0.026242,-0.028289,-0.223555,-0.029957,-0.030547,-0.254344,-0.032390,0.000000,0.000000,-0.900367,-0.502525,0.070078,-1.028590,0.057179,-1.199754,0.053866,-0.848803,0.212060,-1.111035,-0.171116,-1.103241
PRUEBA_2,prueba,1,4,0.000000,0.000000,0.000000,0.000000,0.000000,0.000000,0.000000,0.000000,0.000000,0.000000,0.000000,0.000000,0.000000,0.000000,0.000000,0.000000,0.000000,0.000000,0.000000,0.000000,0.000000,0.000000,0.000000,0.000000,0.000000,0.000000,0.000000,0.000000,0.000000,0.000000,0.000000,0.000000,0.000000,0.000000,0.000000,0.000000,0.000000,0.000000,0.000000,0.000000,0.000000,0.000000,0.000000,0.000000,0.000000,0.000000,0.000000,0.000000,0.000000,0.000000,0.000000,0.000000,0.000000,0.000000,0.000000,0.000000,0.000000,0.000000,0.000000,0.000000,0.000000,0.000000,0.000000,0.000000,0.000000,0.000000,0.033607,-0.028452,-0.010774,0.060435,-0.072761,-0.015926,0.080278,-0.111230,-0.021085,0.099074,-0.133132,-0.026485,0.039432,-0.152235,-0.007055,0.048339,-0.208694,-0.015923,0.051227,-0.244467,-0.024508,0.053095,-0.277286,-0.031179,0.018589,-0.163113,-0.009455,0.021909,-0.233186,-0.017072,0.023170,-0.276921,-0.025186,0.023380,-0.315503,-0.031370,-0.001501,-0.159682,-0.013481,-0.002709,-0.224068,-0.021412,-0.003434,-0.266309,-0.028103,-0.004339,-0.304437,-0.032974,-0.022049,-0.144098,-0.018716,-0.026511,-0.192059,-0.026373,-0.029573,-0.223863,-0.029781,-0.032365,-0.254845,-0.031941,0.000000,0.000000,-0.901931,-0.498273,0.069741,-1.027385,0.057030,-1.198890,0.053780,-0.847975,0.211762,-1.109909,-0.171453,-1.102185
PRUEBA_2,prueba,1,5,0.000000,0.000000,0.000000,0.000000,0.000000,0.000000,0.000000,0.000000,0.000000,0.000000,0.000000,0.000000,0.000000,0.000000,0.000000,0.000000,0.000000,0.000000,0.000000,0.000000,0.000000,0.000000,0.000000,0.000000,0.000000,0.000000,0.000000,0.000000,0.000000,0.000000,0.000000,0.000000,0.000000,0.000000,0.000000,0.000000,0.000000,0.000000,0.000000,0.000000,0.000000,0.000000,0.000000,0.000000,0.000000,0.000000,0.000000,0.000000,0.000000,0.000000,0.000000,0.000000,0.000000,0.000000,0.000000,0.000000,0.000000,0.000000,0.000000,0.000000,0.000000,0.000000,0.000000,0.000000,0.000000,0.000000,0.034078,-0.028128,-0.011078,0.061058,-0.072190,-0.016385,0.081031,-0.111137,-0.021604,0.099719,-0.134611,-0.027009,0.039546,-0.152491,-0.007420,0.048879,-0.209574,-0.016429,0.052093,-0.245880,-0.025005,0.054261,-0.278692,-0.031562,0.018204,-0.163277,-0.009535,0.021611,-0.233173,-0.017035,0.023064,-0.276526,-0.024873,0.023440,-0.314539,-0.030850,-0.002128,-0.159862,-0.013306,-0.002837,-0.223449,-0.020907,-0.003206,-0.265719,-0.027340,-0.003830,-0.303823,-0.032095,-0.022630,-0.144409,-0.018337,-0.026683,-0.191396,-0.025638,-0.029478,-0.222742,-0.028820,-0.032016,-0.252948,-0.030822,0.000000,0.000000,-0.904014,-0.490707,0.070227,-1.021929,0.057068,-1.194363,0.054217,-0.838718,0.212115,-1.107652,-0.171619,-1.099028
PRUEBA_2,prueba,1,6,0.000000,0.000000,0.000000,0.000000,0.000000,0.000000,0.000000,0.000000,0.000000,0.000000,0.000000,0.000000,0.000000,0.000000,0.000000,0.000000,0.000000,0.000000,0.000000,0.000000,0.000000,0.000000,0.000000,0.000000,0.000000,0.000000,0.000000,0.000000,0.000000,0.000000,0.000000,0.000000,0.000000,0.000000,0.000000,0.000000,0.000000,0.000000,0.000000,0.000000,0.000000,0.000000,0.000000,0.000000,0.000000,0.000000,0.000000,0.000000,0.000000,0.000000,0.000000,0.000000,0.000000,0.000000,0.000000,0.000000,0.000000,0.000000,0.000000,0.000000,0.000000,0.000000,0.000000,0.000000,0.000000,0.000000,0.034048,-0.028677,-0.010971,0.060993,-0.072623,-0.016240,0.080989,-0.111242,-0.021531,0.099494,-0.134179,-0.027042,0.038821,-0.152667,-0.007064,0.047711,-0.209278,-0.016084,0.050813,-0.245252,-0.024782,0.052913,-0.278446,-0.031512,0.017742,-0.163181,-0.009370,0.021169,-0.232189,-0.017014,0.022504,-0.275379,-0.025112,0.022818,-0.313912,-0.031299,-0.002409,-0.159474,-0.013354,-0.003233,-0.223046,-0.021232,-0.003807,-0.265461,-0.027850,-0.004637,-0.303935,-0.032684,-0.022814,-0.143851,-0.018597,-0.027124,-0.191258,-0.026176,-0.030205,-0.222820,-0.029476,-0.033080,-0.253240,-0.031539,0.000000,0.000000,-0.905303,-0.492128,0.069290,-1.024649,0.056124,-1.197170,0.053471,-0.841578,0.212061,-1.110589,-0.171825,-1.101807
PRUEBA_2,prueba,1,7,0.000000,0.000000,0.000000,0.000000,0.000000,0.000000,0.000000,0.000000,0.000000,0.000000,0.000000,0.000000,0.000000,0.000000,0.000000,0.000000,0.000000,0.000000,0.000000,0.000000,0.000000,0.000000,0.000000,0.000000,0.000000,0.000000,0.000000,0.000000,0.000000,0.000000,0.000000,0.000000,0.000000,0.000000,0.000000,0.000000,0.000000,0.000000,0.000000,0.000000,0.000000,0.000000,0.000000,0.000000,0.000000,0.000000,0.000000,0.000000,0.000000,0.000000,0.000000,0.000000,0.000000,0.000000,0.000000,0.000000,0.000000,0.000000,0.000000,0.000000,0.000000,0.000000,0.000000,0.000000,0.000000,0.000000,0.034190,-0.028504,-0.010985,0.061151,-0.072597,-0.016191,0.081097,-0.111207,-0.021405,0.099551,-0.133667,-0.026819,0.038895,-0.152463,-0.006893,0.047834,-0.209205,-0.015649,0.050840,-0.245281,-0.024171,0.052911,-0.278482,-0.030823,0.017900,-0.163062,-0.009061,0.021180,-0.231522,-0.016544,0.022463,-0.274775,-0.024599,0.022786,-0.313284,-0.030771,-0.002228,-0.159586,-0.012901,-0.003323,-0.222905,-0.020658,-0.004065,-0.265492,-0.027359,-0.004999,-0.304006,-0.032273,-0.022643,-0.144247,-0.017991,-0.027165,-0.191474,-0.025530,-0.030454,-0.222971,-0.028949,-0.033446,-0.253404,-0.031114,0.000000,0.000000,-0.905763,-0.493932,0.064362,-1.026832,0.053049,-1.199386,0.050310,-0.845860,0.211360,-1.112147,-0.172141,-1.103960
PRUEBA_2,prueba,1,8,0.000000,0.000000,0.000000,0.000000,0.000000,0.000000,0.000000,0.000000,0.000000,0.000000,0.000000,0.000000,0.000000,0.000000,0.000000,0.000000,0.000000,0.000000,0.000000,0.000000,0.000000,0.000000,0.000000,0.000000,0.000000,0.000000,0.000000,0.000000,0.000000,0.000000,0.000000,0.000000,0.000000,0.000000,0.000000,0.000000,0.000000,0.000000,0.000000,0.000000,0.000000,0.000000,0.000000,0.000000,0.000000,0.000000,0.000000,0.000000,0.000000,0.000000,0.000000,0.000000,0.000000,0.000000,0.000000,0.000000,0.000000,0.000000,0.000000,0.000000,0.000000,0.000000,0.000000,0.000000,0.000000,0.000000,0.033929,-0.028738,-0.011031,0.060881,-0.072984,-0.016218,0.080643,-0.111863,-0.021390,0.099058,-0.134704,-0.026751,0.038721,-0.153830,-0.006790,0.047787,-0.210693,-0.015554,0.050881,-0.246997,-0.024169,0.052976,-0.280413,-0.030879,0.017687,-0.164269,-0.008943,0.020688,-0.233096,-0.016335,0.021762,-0.276370,-0.024395,0.021818,-0.314566,-0.030569,-0.002338,-0.160452,-0.012765,-0.003486,-0.223890,-0.020443,-0.004334,-0.266108,-0.027014,-0.005517,-0.304081,-0.031812,-0.022629,-0.144615,-0.017850,-0.027085,-0.192044,-0.025363,-0.030403,-0.223613,-0.028695,-0.033543,-0.254257,-0.030749,0.000000,0.000000,-0.906589,-0.492078,0.063676,-1.028713,0.051964,-1.201327,0.049761,-0.847954,0.210454,-1.114286,-0.173056,-1.105696
PRUEBA_2,prueba,1,9,0.000000,0.000000,0.000000,0.000000,0.000000,0.000000,0.000000,0.000000,0.000000,0.000000,0.000000,0.000000,0.000000,0.000000,0.000000,0.000000,0.000000,0.000000,0.000000,0.000000,0.000000,0.000000,0.000000,0.000000,0.000000,0.000000,0.000000,0.000000,0.000000,0.000000,0.000000,0.000000,0.000000,0.000000,0.000000,0.000000,0.000000,0.000000,0.000000,0.000000,0.000000,0.000000,0.000000,0.000000,0.000000,0.000000,0.000000,0.000000,0.000000,0.000000,0.000000,0.000000,0.000000,0.000000,0.000000,0.000000,0.000000,0.000000,0.000000,0.000000,0.000000,0.000000,0.000000,0.000000,0.000000,0.000000,0.034155,-0.028456,-0.010856,0.060902,-0.072921,-0.015838,0.080436,-0.112256,-0.020861,0.098907,-0.134868,-0.026072,0.038611,-0.154456,-0.006230,0.047819,-0.210770,-0.014818,0.050855,-0.246925,-0.023329,0.052867,-0.280174,-0.029991,0.017573,-0.164942,-0.008466,0.020994,-0.233668,-0.015770,0.022273,-0.277297,-0.023782,0.022465,-0.315912,-0.029927,-0.002500,-0.161038,-0.012398,-0.003665,-0.224295,-0.020103,-0.004521,-0.266588,-0.026779,-0.005677,-0.304608,-0.031643,-0.022820,-0.145083,-0.017585,-0.027362,-0.192400,-0.025135,-0.030656,-0.224039,-0.028565,-0.033732,-0.254739,-0.030717,0.000000,0.000000,-0.905931,-0.488765,0.062388,-1.027957,0.049898,-1.200298,0.048826,-0.846599,0.210218,-1.113821,-0.175350,-1.104635
PRUEBA_2,prueba,1,10,0.000000,0.000000,0.000000,0.000000,0.000000,0.000000,0.000000,0.000000,0.000000,0.000000,0.000000,0.000000,0.000000,0.000000,0.000000,0.000000,0.000000,0.000000,0.000000,0.000000,0.000000,0.000000,0.000000,0.000000,0.000000,0.000000,0.000000,0.000000,0.000000,0.000000,0.000000,0.000000,0.000000,0.000000,0.000000,0.000000,0.000000,0.000000,0.000000,0.000000,0.000000,0.000000,0.000000,0.000000,0.000000,0.000000,0.000000,0.000000,0.000000,0.000000,0.000000,0.000000,0.000000,0.000000,0.000000,0.000000,0.000000,0.000000,0.000000,0.000000,0.000000,0.000000,0.000000,0.000000,0.000000,0.000000,0.034090,-0.028436,-0.010757,0.060834,-0.072867,-0.015695,0.080371,-0.112215,-0.020706,0.098819,-0.134957,-0.025907,0.038596,-0.154363,-0.006036,0.047786,-0.210649,-0.014585,0.050860,-0.246763,-0.023060,0.052940,-0.279951,-0.029694,0.017614,-0.164894,-0.008316,0.021001,-0.233658,-0.015601,0.022288,-0.277324,-0.023603,0.022508,-0.315995,-0.029739,-0.002425,-0.161040,-0.012295,-0.003669,-0.224258,-0.019991,-0.004484,-0.266461,-0.026664,-0.005539,-0.304469,-0.031535,-0.022739,-0.145154,-0.017522,-0.027374,-0.192266,-0.025046,-0.030626,-0.223710,-0.028465,-0.033598,-0.254312,-0.030626,0.000000,0.000000,-0.905794,-0.491192,0.061501,-1.030420,0.048633,-1.202961,0.048131,-0.849107,0.209803,-1.116566,-0.175736,-1.107078
PRUEBA_2,prueba,1,11,0.000000,0.000000,0.000000,0.000000,0.000000,0.000000,0.000000,0.000000,0.000000,0.000000,0.000000,0.000000,0.000000,0.000000,0.000000,0.000000,0.000000,0.000000,0.000000,0.000000,0.000000,0.000000,0.000000,0.000000,0.000000,0.000000,0.000000,0.000000,0.000000,0.000000,0.000000,0.000000,0.000000,0.000000,0.000000,0.000000,0.000000,0.000000,0.000000,0.000000,0.000000,0.000000,0.000000,0.000000,0.000000,0.000000,0.000000,0.000000,0.000000,0.000000,0.000000,0.000000,0.000000,0.000000,0.000000,0.000000,0.000000,0.000000,0.000000,0.000000,0.000000,0.000000,0.000000,0.000000,0.000000,0.000000,0.034195,-0.028146,-0.011167,0.061136,-0.072537,-0.016205,0.080509,-0.112599,-0.021221,0.099303,-0.135580,-0.026397,0.038967,-0.154580,-0.006029,0.047888,-0.211265,-0.014566,0.050851,-0.247490,-0.023091,0.052792,-0.280930,-0.029786,0.018014,-0.165249,-0.008116,0.021432,-0.234141,-0.015414,0.022691,-0.277784,-0.023549,0.022880,-0.316509,-0.029777,-0.002055,-0.161578,-0.011951,-0.003136,-0.225327,-0.019756,-0.003937,-0.267894,-0.026594,-0.005039,-0.306290,-0.031543,-0.022477,-0.145941,-0.017059,-0.027227,-0.193876,-0.024714,-0.030623,-0.225489,-0.028209,-0.033796,-0.256154,-0.030391,0.000000,0.000000,-0.906819,-0.485075,0.059080,-1.028486,0.045964,-1.200874,0.046336,-0.847087,0.208422,-1.115708,-0.177804,-1.104748
PRUEBA_2,prueba,1,12,0.000000,0.000000,0.000000,0.000000,0.000000,0.000000,0.000000,0.000000,0.000000,0.000000,0.000000,0.000000,0.000000,0.000000,0.000000,0.000000,0.000000,0.000000,0.000000,0.000000,0.000000,0.000000,0.000000,0.000000,0.000000,0.000000,0.000000,0.000000,0.000000,0.000000,0.000000,0.000000,0.000000,0.000000,0.000000,0.000000,0.000000,0.000000,0.000000,0.000000,0.000000,0.000000,0.000000,0.000000,0.000000,0.000000,0.000000,0.000000,0.000000,0.000000,0.000000,0.000000,0.000000,0.000000,0.000000,0.000000,0.000000,0.000000,0.000000,0.000000,0.000000,0.000000,0.000000,0.000000,0.000000,0.000000,0.033779,-0.029009,-0.010909,0.060767,-0.073866,-0.016028,0.080559,-0.113001,-0.021182,0.099371,-0.135557,-0.026541,0.038930,-0.154649,-0.006460,0.047926,-0.211642,-0.015210,0.050984,-0.247963,-0.023818,0.053038,-0.281460,-0.030549,0.017866,-0.165368,-0.008805,0.021221,-0.234681,-0.016281,0.022451,-0.278419,-0.024420,0.022659,-0.317217,-0.030633,-0.002361,-0.161681,-0.012843,-0.003291,-0.226179,-0.020683,-0.004025,-0.269285,-0.027488,-0.004965,-0.308145,-0.032453,-0.022922,-0.145898,-0.018124,-0.027534,-0.193839,-0.025739,-0.030800,-0.225487,-0.029148,-0.033778,-0.256044,-0.031293,0.000000,0.000000,-0.905832,-0.475752,0.058897,-1.024357,0.045787,-1.196523,0.046041,-0.843214,0.208295,-1.111617,-0.177979,-1.100340
PRUEBA_2,prueba,1,13,0.000000,0.000000,0.000000,0.000000,0.000000,0.000000,0.000000,0.000000,0.000000,0.000000,0.000000,0.000000,0.000000,0.000000,0.000000,0.000000,0.000000,0.000000,0.000000,0.000000,0.000000,0.000000,0.000000,0.000000,0.000000,0.000000,0.000000,0.000000,0.000000,0.000000,0.000000,0.000000,0.000000,0.000000,0.000000,0.000000,0.000000,0.000000,0.000000,0.000000,0.000000,0.000000,0.000000,0.000000,0.000000,0.000000,0.000000,0.000000,0.000000,0.000000,0.000000,0.000000,0.000000,0.000000,0.000000,0.000000,0.000000,0.000000,0.000000,0.000000,0.000000,0.000000,0.000000,0.000000,0.000000,0.000000,0.033767,-0.028995,-0.010999,0.060624,-0.073587,-0.016241,0.080429,-0.112678,-0.021507,0.099153,-0.135456,-0.026982,0.038701,-0.154797,-0.006728,0.047481,-0.211887,-0.015547,0.050520,-0.248227,-0.024189,0.052612,-0.281844,-0.030952,0.017675,-0.165450,-0.009028,0.020900,-0.234745,-0.016555,0.022081,-0.278394,-0.024720,0.022294,-0.317225,-0.030970,-0.002510,-0.161698,-0.013015,-0.003429,-0.226125,-0.020896,-0.004228,-0.269170,-0.027723,-0.005224,-0.308052,-0.032709,-0.023001,-0.145872,-0.018248,-0.027562,-0.193898,-0.025920,-0.030921,-0.225462,-0.029369,-0.034067,-0.255910,-0.031536,0.000000,0.000000,-0.905542,-0.476815,0.058325,-1.023672,0.044786,-1.195224,0.045237,-0.840148,0.207905,-1.111169,-0.178823,-1.100675
PRUEBA_2,prueba,1,14,0.000000,0.000000,0.000000,0.000000,0.000000,0.000000,0.000000,0.000000,0.000000,0.000000,0.000000,0.000000,0.000000,0.000000,0.000000,0.000000,0.000000,0.000000,0.000000,0.000000,0.000000,0.000000,0.000000,0.000000,0.000000,0.000000,0.000000,0.000000,0.000000,0.000000,0.000000,0.000000,0.000000,0.000000,0.000000,0.000000,0.000000,0.000000,0.000000,0.000000,0.000000,0.000000,0.000000,0.000000,0.000000,0.000000,0.000000,0.000000,0.000000,0.000000,0.000000,0.000000,0.000000,0.000000,0.000000,0.000000,0.000000,0.000000,0.000000,0.000000,0.000000,0.000000,0.000000,0.000000,0.000000,0.000000,0.033781,-0.028448,-0.010688,0.061024,-0.073538,-0.015540,0.081142,-0.112283,-0.020470,0.099860,-0.133175,-0.025645,0.039216,-0.155489,-0.006101,0.047836,-0.212351,-0.014552,0.050916,-0.248369,-0.022990,0.053121,-0.281433,-0.029623,0.018091,-0.165972,-0.008365,0.021214,-0.235044,-0.015551,0.022363,-0.278331,-0.023575,0.022546,-0.316440,-0.029722,-0.002072,-0.162084,-0.012291,-0.003373,-0.226163,-0.019828,-0.004237,-0.268642,-0.026557,-0.005273,-0.306787,-0.031489,-0.022580,-0.146219,-0.017456,-0.027079,-0.194129,-0.024818,-0.030305,-0.225568,-0.028192,-0.033223,-0.255997,-0.030333,0.000000,0.000000,-0.907321,-0.482655,0.057485,-1.024186,0.044519,-1.196890,0.044918,-0.841891,0.207943,-1.111759,-0.178643,-1.101860
PRUEBA_2,prueba,1,15,0.000000,0.000000,0.000000,0.000000,0.000000,0.000000,0.000000,0.000000,0.000000,0.000000,0.000000,0.000000,0.000000,0.000000,0.000000,0.000000,0.000000,0.000000,0.000000,0.000000,0.000000,0.000000,0.000000,0.000000,0.000000,0.000000,0.000000,0.000000,0.000000,0.000000,0.000000,0.000000,0.000000,0.000000,0.000000,0.000000,0.000000,0.000000,0.000000,0.000000,0.000000,0.000000,0.000000,0.000000,0.000000,0.000000,0.000000,0.000000,0.000000,0.000000,0.000000,0.000000,0.000000,0.000000,0.000000,0.000000,0.000000,0.000000,0.000000,0.000000,0.000000,0.000000,0.000000,0.000000,0.000000,0.000000,0.033823,-0.028870,-0.010408,0.061018,-0.074078,-0.015144,0.081209,-0.112768,-0.020033,0.100070,-0.133673,-0.025176,0.039262,-0.155717,-0.005722,0.048039,-0.212586,-0.014152,0.051167,-0.248530,-0.022578,0.053417,-0.281526,-0.029214,0.018125,-0.166079,-0.008207,0.021323,-0.235194,-0.015429,0.022542,-0.278519,-0.023478,0.022833,-0.316745,-0.029650,-0.002046,-0.162085,-0.012355,-0.003257,-0.226302,-0.019915,-0.004075,-0.269034,-0.026636,-0.004984,-0.307407,-0.031581,-0.022524,-0.146029,-0.017732,-0.027176,-0.193949,-0.025111,-0.030372,-0.225691,-0.028478,-0.033140,-0.256429,-0.030638,0.000000,0.000000,-0.907230,-0.481921,0.056398,-1.023936,0.043348,-1.196784,0.043949,-0.841746,0.207347,-1.112180,-0.179901,-1.101500
PRUEBA_2,prueba,1,16,0.000000,0.000000,0.000000,0.000000,0.000000,0.000000,0.000000,0.000000,0.000000,0.000000,0.000000,0.000000,0.000000,0.000000,0.000000,0.000000,0.000000,0.000000,0.000000,0.000000,0.000000,0.000000,0.000000,0.000000,0.000000,0.000000,0.000000,0.000000,0.000000,0.000000,0.000000,0.000000,0.000000,0.000000,0.000000,0.000000,0.000000,0.000000,0.000000,0.000000,0.000000,0.000000,0.000000,0.000000,0.000000,0.000000,0.000000,0.000000,0.000000,0.000000,0.000000,0.000000,0.000000,0.000000,0.000000,0.000000,0.000000,0.000000,0.000000,0.000000,0.000000,0.000000,0.000000,0.000000,0.000000,0.000000,0.033945,-0.029449,-0.010325,0.060820,-0.074803,-0.015108,0.080470,-0.113613,-0.020054,0.099000,-0.135624,-0.025250,0.038652,-0.155801,-0.005779,0.047474,-0.212372,-0.014405,0.050544,-0.248454,-0.023006,0.052637,-0.281661,-0.029741,0.017561,-0.166404,-0.008349,0.020746,-0.235527,-0.015772,0.022078,-0.279144,-0.023995,0.022406,-0.317828,-0.030272,-0.002548,-0.162727,-0.012568,-0.003829,-0.227038,-0.020292,-0.004583,-0.269897,-0.027116,-0.005487,-0.308555,-0.032111,-0.022893,-0.146855,-0.017994,-0.027614,-0.195052,-0.025494,-0.030803,-0.226910,-0.028909,-0.033620,-0.257717,-0.031088,0.000000,0.000000,-0.904015,-0.477329,0.057288,-1.023631,0.044068,-1.196498,0.044837,-0.841165,0.208182,-1.111992,-0.179614,-1.101139
PRUEBA_2,prueba,1,17,0.000000,0.000000,0.000000,0.000000,0.000000,0.000000,0.000000,0.000000,0.000000,0.000000,0.000000,0.000000,0.000000,0.000000,0.000000,0.000000,0.000000,0.000000,0.000000,0.000000,0.000000,0.000000,0.000000,0.000000,0.000000,0.000000,0.000000,0.000000,0.000000,0.000000,0.000000,0.000000,0.000000,0.000000,0.000000,0.000000,0.000000,0.000000,0.000000,0.000000,0.000000,0.000000,0.000000,0.000000,0.000000,0.000000,0.000000,0.000000,0.000000,0.000000,0.000000,0.000000,0.000000,0.000000,0.000000,0.000000,0.000000,0.000000,0.000000,0.000000,0.000000,0.000000,0.000000,0.000000,0.000000,0.000000,0.033737,-0.029309,-0.010176,0.060498,-0.074740,-0.014848,0.080171,-0.113575,-0.019691,0.098823,-0.135095,-0.024779,0.038254,-0.155614,-0.005478,0.047104,-0.211744,-0.013925,0.050308,-0.247407,-0.022430,0.052534,-0.280365,-0.029138,0.017338,-0.166409,-0.008026,0.020419,-0.235253,-0.015308,0.021653,-0.278480,-0.023435,0.021877,-0.316886,-0.029649,-0.002729,-0.162858,-0.012215,-0.004169,-0.227218,-0.019865,-0.004826,-0.270022,-0.026679,-0.005632,-0.308920,-0.031701,-0.023004,-0.147081,-0.017589,-0.027806,-0.194973,-0.025015,-0.030917,-0.226458,-0.028398,-0.033616,-0.257124,-0.030594,0.000000,0.000000,-0.901874,-0.476319,0.058493,-1.019838,0.045048,-1.192488,0.045811,-0.836047,0.208793,-1.109256,-0.179085,-1.098855
PRUEBA_2,prueba,1,18,0.000000,0.000000,0.000000,0.000000,0.000000,0.000000,0.000000,0.000000,0.000000,0.000000,0.000000,0.000000,0.000000,0.000000,0.000000,0.000000,0.000000,0.000000,0.000000,0.000000,0.000000,0.000000,0.000000,0.000000,0.000000,0.000000,0.000000,0.000000,0.000000,0.000000,0.000000,0.000000,0.000000,0.000000,0.000000,0.000000,0.000000,0.000000,0.000000,0.000000,0.000000,0.000000,0.000000,0.000000,0.000000,0.000000,0.000000,0.000000,0.000000,0.000000,0.000000,0.000000,0.000000,0.000000,0.000000,0.000000,0.000000,0.000000,0.000000,0.000000,0.000000,0.000000,0.000000,0.000000,0.000000,0.000000,0.033772,-0.029408,-0.010085,0.060510,-0.074694,-0.014738,0.080119,-0.113466,-0.019580,0.098731,-0.135105,-0.024674,0.038155,-0.155283,-0.005419,0.047025,-0.211415,-0.013878,0.050271,-0.247079,-0.022384,0.052523,-0.279973,-0.029078,0.017260,-0.166079,-0.008006,0.020332,-0.234927,-0.015306,0.021531,-0.278191,-0.023455,0.021711,-0.316560,-0.029676,-0.002799,-0.162536,-0.012224,-0.004213,-0.226899,-0.019895,-0.004880,-0.269740,-0.026731,-0.005708,-0.308622,-0.031761,-0.023081,-0.146745,-0.017612,-0.027868,-0.194596,-0.025057,-0.030992,-0.226113,-0.028448,-0.033727,-0.256799,-0.030644,0.000000,0.000000,-0.901330,-0.478312,0.059539,-1.020969,0.045613,-1.193881,0.046492,-0.837126,0.209020,-1.110600,-0.178997,-1.099628
PRUEBA_2,prueba,1,19,0.000000,0.000000,0.000000,0.000000,0.000000,0.000000,0.000000,0.000000,0.000000,0.000000,0.000000,0.000000,0.000000,0.000000,0.000000,0.000000,0.000000,0.000000,0.000000,0.000000,0.000000,0.000000,0.000000,0.000000,0.000000,0.000000,0.000000,0.000000,0.000000,0.000000,0.000000,0.000000,0.000000,0.000000,0.000000,0.000000,0.000000,0.000000,0.000000,0.000000,0.000000,0.000000,0.000000,0.000000,0.000000,0.000000,0.000000,0.000000,0.000000,0.000000,0.000000,0.000000,0.000000,0.000000,0.000000,0.000000,0.000000,0.000000,0.000000,0.000000,0.000000,0.000000,0.000000,0.000000,0.000000,0.000000,0.033849,-0.029688,-0.010002,0.060744,-0.074719,-0.014752,0.080357,-0.113263,-0.019717,0.098843,-0.135146,-0.024968,0.038434,-0.155300,-0.005552,0.047064,-0.211335,-0.014202,0.050155,-0.246721,-0.022843,0.052303,-0.279436,-0.029588,0.017583,-0.165795,-0.008259,0.020756,-0.234875,-0.015716,0.022173,-0.278260,-0.023960,0.022544,-0.317005,-0.030220,-0.002431,-0.162021,-0.012589,-0.003971,-0.226333,-0.020377,-0.004528,-0.268927,-0.027204,-0.005235,-0.307750,-0.032191,-0.022738,-0.146176,-0.018080,-0.027450,-0.194194,-0.025595,-0.030526,-0.225548,-0.028942,-0.033279,-0.256188,-0.031076,0.000000,0.000000,-0.899072,-0.478708,0.059631,-1.021831,0.045756,-1.193782,0.046713,-0.837550,0.209396,-1.110187,-0.178037,-1.099573
PRUEBA_2,prueba,1,20,0.000000,0.000000,0.000000,0.000000,0.000000,0.000000,0.000000,0.000000,0.000000,0.000000,0.000000,0.000000,0.000000,0.000000,0.000000,0.000000,0.000000,0.000000,0.000000,0.000000,0.000000,0.000000,0.000000,0.000000,0.000000,0.000000,0.000000,0.000000,0.000000,0.000000,0.000000,0.000000,0.000000,0.000000,0.000000,0.000000,0.000000,0.000000,0.000000,0.000000,0.000000,0.000000,0.000000,0.000000,0.000000,0.000000,0.000000,0.000000,0.000000,0.000000,0.000000,0.000000,0.000000,0.000000,0.000000,0.000000,0.000000,0.000000,0.000000,0.000000,0.000000,0.000000,0.000000,0.000000,0.000000,0.000000,0.034216,-0.029477,-0.010428,0.061301,-0.074413,-0.015352,0.080931,-0.113139,-0.020424,0.099581,-0.135110,-0.025782,0.038870,-0.155315,-0.005936,0.047403,-0.211304,-0.014814,0.050515,-0.246823,-0.023663,0.052713,-0.279820,-0.030572,0.017947,-0.165943,-0.008489,0.021094,-0.234752,-0.016100,0.022459,-0.278014,-0.024505,0.022781,-0.316808,-0.030921,-0.002137,-0.162193,-0.012701,-0.003519,-0.226186,-0.020627,-0.004107,-0.268817,-0.027519,-0.004925,-0.307790,-0.032558,-0.022510,-0.146292,-0.018119,-0.027091,-0.194313,-0.025753,-0.030088,-0.225807,-0.029174,-0.032821,-0.256606,-0.031364,0.000000,0.000000,-0.901273,-0.479493,0.059211,-1.022149,0.045380,-1.194092,0.046293,-0.838373,0.208967,-1.110680,-0.178447,-1.099754
PRUEBA_2,prueba,1,21,0.000000,0.000000,0.000000,0.000000,0.000000,0.000000,0.000000,0.000000,0.000000,0.000000,0.000000,0.000000,0.000000,0.000000,0.000000,0.000000,0.000000,0.000000,0.000000,0.000000,0.000000,0.000000,0.000000,0.000000,0.000000,0.000000,0.000000,0.000000,0.000000,0.000000,0.000000,0.000000,0.000000,0.000000,0.000000,0.000000,0.000000,0.000000,0.000000,0.000000,0.000000,0.000000,0.000000,0.000000,0.000000,0.000000,0.000000,0.000000,0.000000,0.000000,0.000000,0.000000,0.000000,0.000000,0.000000,0.000000,0.000000,0.000000,0.000000,0.000000,0.000000,0.000000,0.000000,0.000000,0.000000,0.000000,0.034080,-0.029574,-0.010468,0.061146,-0.074507,-0.015449,0.080789,-0.113096,-0.020567,0.099371,-0.135004,-0.025963,0.038810,-0.155580,-0.006116,0.047314,-0.211723,-0.015024,0.050376,-0.247297,-0.023887,0.052530,-0.280355,-0.030804,0.017876,-0.166171,-0.008662,0.021057,-0.234942,-0.016286,0.022371,-0.278182,-0.024685,0.022618,-0.316929,-0.031103,-0.002214,-0.162405,-0.012860,-0.003591,-0.226433,-0.020752,-0.004221,-0.269001,-0.027603,-0.005104,-0.307892,-0.032624,-0.022599,-0.146499,-0.018272,-0.027182,-0.194630,-0.025875,-0.030188,-0.226227,-0.029280,-0.032941,-0.257111,-0.031459,0.000000,0.000000,-0.900942,-0.476805,0.058438,-1.020626,0.044693,-1.192508,0.045761,-0.836832,0.208687,-1.109553,-0.179008,-1.097922
PRUEBA_2,prueba,1,22,0.000000,0.000000,0.000000,0.000000,0.000000,0.000000,0.000000,0.000000,0.000000,0.000000,0.000000,0.000000,0.000000,0.000000,0.000000,0.000000,0.000000,0.000000,0.000000,0.000000,0.000000,0.000000,0.000000,0.000000,0.000000,0.000000,0.000000,0.000000,0.000000,0.000000,0.000000,0.000000,0.000000,0.000000,0.000000,0.000000,0.000000,0.000000,0.000000,0.000000,0.000000,0.000000,0.000000,0.000000,0.000000,0.000000,0.000000,0.000000,0.000000,0.000000,0.000000,0.000000,0.000000,0.000000,0.000000,0.000000,0.000000,0.000000,0.000000,0.000000,0.000000,0.000000,0.000000,0.000000,0.000000,0.000000,0.033922,-0.029591,-0.010552,0.060855,-0.074645,-0.015572,0.080595,-0.113332,-0.020725,0.099304,-0.135622,-0.026121,0.038715,-0.156219,-0.005941,0.047306,-0.212754,-0.014835,0.050497,-0.248539,-0.023725,0.052801,-0.281770,-0.030633,0.017690,-0.166789,-0.008455,0.020902,-0.235765,-0.016034,0.022266,-0.279192,-0.024448,0.022645,-0.318137,-0.030855,-0.002528,-0.163018,-0.012641,-0.003798,-0.227098,-0.020437,-0.004273,-0.269674,-0.027223,-0.004871,-0.308602,-0.032192,-0.023077,-0.147126,-0.018066,-0.027436,-0.195384,-0.025548,-0.030354,-0.227035,-0.028850,-0.032909,-0.257965,-0.030938,0.000000,0.000000,-0.900322,-0.472850,0.058602,-1.018744,0.044840,-1.190436,0.045805,-0.834346,0.208918,-1.108039,-0.179147,-1.096602
PRUEBA_2,prueba,1,23,0.000000,0.000000,0.000000,0.000000,0.000000,0.000000,0.000000,0.000000,0.000000,0.000000,0.000000,0.000000,0.000000,0.000000,0.000000,0.000000,0.000000,0.000000,0.000000,0.000000,0.000000,0.000000,0.000000,0.000000,0.000000,0.000000,0.000000,0.000000,0.000000,0.000000,0.000000,0.000000,0.000000,0.000000,0.000000,0.000000,0.000000,0.000000,0.000000,0.000000,0.000000,0.000000,0.000000,0.000000,0.000000,0.000000,0.000000,0.000000,0.000000,0.000000,0.000000,0.000000,0.000000,0.000000,0.000000,0.000000,0.000000,0.000000,0.000000,0.000000,0.000000,0.000000,0.000000,0.000000,0.000000,0.000000,0.034005,-0.029517,-0.010391,0.060882,-0.074336,-0.015267,0.080826,-0.113130,-0.020335,0.099676,-0.135294,-0.025671,0.038842,-0.156478,-0.005328,0.047639,-0.212781,-0.014066,0.050767,-0.248478,-0.022904,0.052959,-0.281535,-0.029813,0.017942,-0.166976,-0.007839,0.021133,-0.235375,-0.015346,0.022379,-0.278602,-0.023788,0.022608,-0.317318,-0.030251,-0.002171,-0.163198,-0.012050,-0.003375,-0.226918,-0.019869,-0.003865,-0.269539,-0.026771,-0.004539,-0.308389,-0.031845,-0.022653,-0.147474,-0.017480,-0.027031,-0.195124,-0.025023,-0.029933,-0.226614,-0.028435,-0.032546,-0.257323,-0.030620,0.000000,0.000000,-0.901467,-0.474222,0.058331,-1.019345,0.044504,-1.191415,0.045511,-0.834660,0.208673,-1.108929,-0.179578,-1.097211
PRUEBA_2,prueba,1,24,0.000000,0.000000,0.000000,0.000000,0.000000,0.000000,0.000000,0.000000,0.000000,0.000000,0.000000,0.000000,0.000000,0.000000,0.000000,0.000000,0.000000,0.000000,0.000000,0.000000,0.000000,0.000000,0.000000,0.000000,0.000000,0.000000,0.000000,0.000000,0.000000,0.000000,0.000000,0.000000,0.000000,0.000000,0.000000,0.000000,0.000000,0.000000,0.000000,0.000000,0.000000,0.000000,0.000000,0.000000,0.000000,0.000000,0.000000,0.000000,0.000000,0.000000,0.000000,0.000000,0.000000,0.000000,0.000000,0.000000,0.000000,0.000000,0.000000,0.000000,0.000000,0.000000,0.000000,0.000000,0.000000,0.000000,0.033990,-0.029402,-0.010527,0.060895,-0.074142,-0.015475,0.080868,-0.112821,-0.020581,0.099737,-0.134780,-0.025949,0.038968,-0.156149,-0.005634,0.047692,-0.212604,-0.014398,0.050763,-0.248348,-0.023217,0.052919,-0.281455,-0.030108,0.018008,-0.166690,-0.008061,0.021279,-0.235166,-0.015565,0.022525,-0.278439,-0.023958,0.022760,-0.317098,-0.030383,-0.002160,-0.162953,-0.012183,-0.003315,-0.226731,-0.019970,-0.003846,-0.269193,-0.026829,-0.004561,-0.307788,-0.031868,-0.022673,-0.147277,-0.017535,-0.027008,-0.194937,-0.025060,-0.029985,-0.226338,-0.028465,-0.032702,-0.256886,-0.030634,0.000000,0.000000,-0.902170,-0.475651,0.057605,-1.019276,0.043820,-1.191556,0.044810,-0.835108,0.208079,-1.108668,-0.179897,-1.097407
PRUEBA_2,prueba,1,25,0.000000,0.000000,0.000000,0.000000,0.000000,0.000000,0.000000,0.000000,0.000000,0.000000,0.000000,0.000000,0.000000,0.000000,0.000000,0.000000,0.000000,0.000000,0.000000,0.000000,0.000000,0.000000,0.000000,0.000000,0.000000,0.000000,0.000000,0.000000,0.000000,0.000000,0.000000,0.000000,0.000000,0.000000,0.000000,0.000000,0.000000,0.000000,0.000000,0.000000,0.000000,0.000000,0.000000,0.000000,0.000000,0.000000,0.000000,0.000000,0.000000,0.000000,0.000000,0.000000,0.000000,0.000000,0.000000,0.000000,0.000000,0.000000,0.000000,0.000000,0.000000,0.000000,0.000000,0.000000,0.000000,0.000000,0.034090,-0.029715,-0.010423,0.061223,-0.074538,-0.015492,0.081169,-0.113027,-0.020728,0.100136,-0.135031,-0.026265,0.039401,-0.155855,-0.006167,0.048228,-0.212346,-0.015179,0.051320,-0.248004,-0.024109,0.053509,-0.280988,-0.031046,0.018359,-0.166527,-0.008817,0.021358,-0.235740,-0.016575,0.022661,-0.279298,-0.025048,0.022997,-0.318228,-0.031492,-0.001862,-0.162729,-0.013119,-0.003337,-0.227348,-0.021124,-0.003892,-0.270160,-0.027973,-0.004508,-0.309124,-0.032970,-0.022385,-0.146760,-0.018621,-0.026841,-0.195188,-0.026333,-0.029781,-0.227102,-0.029730,-0.032399,-0.258102,-0.031861,0.000000,0.000000,-0.903485,-0.472258,0.057658,-1.018179,0.043688,-1.190679,0.044953,-0.833622,0.208103,-1.108405,-0.180252,-1.096171
PRUEBA_2,prueba,1,26,0.000000,0.000000,0.000000,0.000000,0.000000,0.000000,0.000000,0.000000,0.000000,0.000000,0.000000,0.000000,0.000000,0.000000,0.000000,0.000000,0.000000,0.000000,0.000000,0.000000,0.000000,0.000000,0.000000,0.000000,0.000000,0.000000,0.000000,0.000000,0.000000,0.000000,0.000000,0.000000,0.000000,0.000000,0.000000,0.000000,0.000000,0.000000,0.000000,0.000000,0.000000,0.000000,0.000000,0.000000,0.000000,0.000000,0.000000,0.000000,0.000000,0.000000,0.000000,0.000000,0.000000,0.000000,0.000000,0.000000,0.000000,0.000000,0.000000,0.000000,0.000000,0.000000,0.000000,0.000000,0.000000,0.000000,0.033760,-0.028935,-0.010947,0.060922,-0.073928,-0.016075,0.080863,-0.112568,-0.021263,0.099820,-0.133930,-0.026719,0.039309,-0.155799,-0.006431,0.048265,-0.212267,-0.015383,0.051301,-0.248132,-0.024282,0.053357,-0.281074,-0.031211,0.018234,-0.166301,-0.008780,0.021400,-0.235748,-0.016465,0.022714,-0.279426,-0.024897,0.023007,-0.318059,-0.031332,-0.001884,-0.162427,-0.012835,-0.003107,-0.226864,-0.020781,-0.003587,-0.269865,-0.027759,-0.004116,-0.308763,-0.032873,-0.022310,-0.146576,-0.018149,-0.026889,-0.194596,-0.025855,-0.030029,-0.226454,-0.029416,-0.032759,-0.257408,-0.031695,0.000000,0.000000,-0.902834,-0.470653,0.056697,-1.014548,0.043215,-1.186632,0.044076,-0.829580,0.208160,-1.104737,-0.180639,-1.092762
PRUEBA_2,prueba,1,27,0.000000,0.000000,0.000000,0.000000,0.000000,0.000000,0.000000,0.000000,0.000000,0.000000,0.000000,0.000000,0.000000,0.000000,0.000000,0.000000,0.000000,0.000000,0.000000,0.000000,0.000000,0.000000,0.000000,0.000000,0.000000,0.000000,0.000000,0.000000,0.000000,0.000000,0.000000,0.000000,0.000000,0.000000,0.000000,0.000000,0.000000,0.000000,0.000000,0.000000,0.000000,0.000000,0.000000,0.000000,0.000000,0.000000,0.000000,0.000000,0.000000,0.000000,0.000000,0.000000,0.000000,0.000000,0.000000,0.000000,0.000000,0.000000,0.000000,0.000000,0.000000,0.000000,0.000000,0.000000,0.000000,0.000000,0.033749,-0.029008,-0.010883,0.060921,-0.074015,-0.015988,0.080875,-0.112864,-0.021159,0.099826,-0.134706,-0.026596,0.039402,-0.155852,-0.006376,0.048383,-0.212449,-0.015346,0.051366,-0.248446,-0.024237,0.053355,-0.281414,-0.031146,0.018282,-0.166373,-0.008766,0.021446,-0.235926,-0.016471,0.022739,-0.279677,-0.024913,0.023005,-0.318329,-0.031348,-0.001869,-0.162505,-0.012859,-0.003076,-0.227015,-0.020815,-0.003549,-0.270049,-0.027778,-0.004094,-0.308894,-0.032877,-0.022320,-0.146652,-0.018201,-0.026866,-0.194754,-0.025915,-0.029976,-0.226674,-0.029459,-0.032696,-0.257649,-0.031718,0.000000,0.000000,-0.904469,-0.477542,0.054221,-1.018060,0.041367,-1.190525,0.042407,-0.828834,0.206709,-1.112002,-0.181444,-1.098624
PRUEBA_2,prueba,1,28,0.000000,0.000000,0.000000,0.000000,0.000000,0.000000,0.000000,0.000000,0.000000,0.000000,0.000000,0.000000,0.000000,0.000000,0.000000,0.000000,0.000000,0.000000,0.000000,0.000000,0.000000,0.000000,0.000000,0.000000,0.000000,0.000000,0.000000,0.000000,0.000000,0.000000,0.000000,0.000000,0.000000,0.000000,0.000000,0.000000,0.000000,0.000000,0.000000,0.000000,0.000000,0.000000,0.000000,0.000000,0.000000,0.000000,0.000000,0.000000,0.000000,0.000000,0.000000,0.000000,0.000000,0.000000,0.000000,0.000000,0.000000,0.000000,0.000000,0.000000,0.000000,0.000000,0.000000,0.000000,0.000000,0.000000,0.033776,-0.029242,-0.010638,0.060670,-0.075009,-0.015689,0.080364,-0.113891,-0.020792,0.099062,-0.136685,-0.026160,0.038737,-0.155991,-0.006789,0.047648,-0.212706,-0.015874,0.050778,-0.248690,-0.024730,0.052849,-0.281889,-0.031601,0.017600,-0.166535,-0.009319,0.020856,-0.236167,-0.017067,0.022253,-0.279624,-0.025333,0.022534,-0.318393,-0.031658,-0.002583,-0.162747,-0.013509,-0.003712,-0.227012,-0.021440,-0.004017,-0.270261,-0.028200,-0.004539,-0.309772,-0.033197,-0.023075,-0.146905,-0.018924,-0.027491,-0.195194,-0.026550,-0.030341,-0.227247,-0.029935,-0.032901,-0.258491,-0.032122,0.000000,0.000000,-0.902471,-0.476465,0.053955,-1.025513,0.041221,-1.197202,0.041949,-0.838226,0.206421,-1.116764,-0.181487,-1.103577
PRUEBA_2,prueba,1,29,0.000000,0.000000,0.000000,0.000000,0.000000,0.000000,0.000000,0.000000,0.000000,0.000000,0.000000,0.000000,0.000000,0.000000,0.000000,0.000000,0.000000,0.000000,0.000000,0.000000,0.000000,0.000000,0.000000,0.000000,0.000000,0.000000,0.000000,0.000000,0.000000,0.000000,0.000000,0.000000,0.000000,0.000000,0.000000,0.000000,0.000000,0.000000,0.000000,0.000000,0.000000,0.000000,0.000000,0.000000,0.000000,0.000000,0.000000,0.000000,0.000000,0.000000,0.000000,0.000000,0.000000,0.000000,0.000000,0.000000,0.000000,0.000000,0.000000,0.000000,0.000000,0.000000,0.000000,0.000000,0.000000,0.000000,0.033537,-0.030126,-0.010913,0.059827,-0.075561,-0.016234,0.078479,-0.114882,-0.021551,0.097223,-0.137843,-0.027102,0.037386,-0.155373,-0.007175,0.046389,-0.212284,-0.016360,0.049644,-0.248610,-0.025231,0.051891,-0.281997,-0.032102,0.015948,-0.165985,-0.009668,0.019019,-0.235914,-0.017493,0.020210,-0.279518,-0.025830,0.020571,-0.318190,-0.032213,-0.004303,-0.162097,-0.013817,-0.005095,-0.227103,-0.021829,-0.005382,-0.270398,-0.028704,-0.005835,-0.309727,-0.033751,-0.024710,-0.145980,-0.019187,-0.028779,-0.195179,-0.026949,-0.031591,-0.228032,-0.030482,-0.034120,-0.259802,-0.032746,0.000000,0.000000,-0.897931,-0.468797,0.053404,-1.028123,0.041089,-1.199985,0.041387,-0.843461,0.206321,-1.118064,-0.181115,-1.106377
PRUEBA_2,prueba,1,30,0.000000,0.000000,0.000000,0.000000,0.000000,0.000000,0.000000,0.000000,0.000000,0.000000,0.000000,0.000000,0.000000,0.000000,0.000000,0.000000,0.000000,0.000000,0.000000,0.000000,0.000000,0.000000,0.000000,0.000000,0.000000,0.000000,0.000000,0.000000,0.000000,0.000000,0.000000,0.000000,0.000000,0.000000,0.000000,0.000000,0.000000,0.000000,0.000000,0.000000,0.000000,0.000000,0.000000,0.000000,0.000000,0.000000,0.000000,0.000000,0.000000,0.000000,0.000000,0.000000,0.000000,0.000000,0.000000,0.000000,0.000000,0.000000,0.000000,0.000000,0.000000,0.000000,0.000000,0.000000,0.000000,0.000000,0.033562,-0.030263,-0.010563,0.059792,-0.075937,-0.015773,0.078489,-0.115185,-0.021040,0.097128,-0.137740,-0.026562,0.037351,-0.155241,-0.006805,0.046398,-0.211898,-0.015842,0.049668,-0.248054,-0.024694,0.051992,-0.281540,-0.031586,0.015999,-0.165909,-0.009343,0.018815,-0.235466,-0.017075,0.020056,-0.279081,-0.025457,0.020486,-0.318072,-0.031878,-0.004193,-0.162164,-0.013483,-0.005215,-0.227092,-0.021459,-0.005487,-0.270365,-0.028439,-0.005909,-0.309749,-0.033554,-0.024429,-0.146168,-0.018792,-0.028672,-0.195275,-0.026510,-0.031516,-0.227729,-0.030048,-0.034034,-0.259167,-0.032307,0.000000,0.000000,-0.898421,-0.466251,0.053746,-1.026962,0.041412,-1.198894,0.041744,-0.842951,0.206227,-1.117004,-0.181161,-1.105104
PRUEBA_2,prueba,1,31,0.000000,0.000000,0.000000,0.000000,0.000000,0.000000,0.000000,0.000000,0.000000,0.000000,0.000000,0.000000,0.000000,0.000000,0.000000,0.000000,0.000000,0.000000,0.000000,0.000000,0.000000,0.000000,0.000000,0.000000,0.000000,0.000000,0.000000,0.000000,0.000000,0.000000,0.000000,0.000000,0.000000,0.000000,0.000000,0.000000,0.000000,0.000000,0.000000,0.000000,0.000000,0.000000,0.000000,0.000000,0.000000,0.000000,0.000000,0.000000,0.000000,0.000000,0.000000,0.000000,0.000000,0.000000,0.000000,0.000000,0.000000,0.000000,0.000000,0.000000,0.000000,0.000000,0.000000,0.000000,0.000000,0.000000,0.033795,-0.029317,-0.009751,0.059835,-0.074868,-0.014539,0.078645,-0.112956,-0.019541,0.097293,-0.133576,-0.024802,0.037262,-0.154591,-0.005968,0.046454,-0.210627,-0.014748,0.049852,-0.246146,-0.023432,0.051992,-0.278504,-0.030154,0.016326,-0.164673,-0.008930,0.019648,-0.234474,-0.016366,0.020928,-0.278520,-0.024456,0.020849,-0.317345,-0.030641,-0.003838,-0.160786,-0.013468,-0.004717,-0.225857,-0.021197,-0.004831,-0.268128,-0.027901,-0.005554,-0.305863,-0.032785,-0.024323,-0.145061,-0.019113,-0.028467,-0.193285,-0.026476,-0.031035,-0.224673,-0.029577,-0.033774,-0.254160,-0.031536,0.000000,0.000000,-0.897875,-0.449444,0.053535,-1.018930,0.041143,-1.190573,0.041564,-0.832290,0.206075,-1.110472,-0.181771,-1.099237
PRUEBA_2,prueba,1,32,0.000000,0.000000,0.000000,0.000000,0.000000,0.000000,0.000000,0.000000,0.000000,0.000000,0.000000,0.000000,0.000000,0.000000,0.000000,0.000000,0.000000,0.000000,0.000000,0.000000,0.000000,0.000000,0.000000,0.000000,0.000000,0.000000,0.000000,0.000000,0.000000,0.000000,0.000000,0.000000,0.000000,0.000000,0.000000,0.000000,0.000000,0.000000,0.000000,0.000000,0.000000,0.000000,0.000000,0.000000,0.000000,0.000000,0.000000,0.000000,0.000000,0.000000,0.000000,0.000000,0.000000,0.000000,0.000000,0.000000,0.000000,0.000000,0.000000,0.000000,0.000000,0.000000,0.000000,0.000000,0.000000,0.000000,0.033821,-0.029975,-0.009353,0.059831,-0.076309,-0.013919,0.079147,-0.114056,-0.018772,0.098020,-0.134134,-0.023951,0.037544,-0.154520,-0.005849,0.046158,-0.210848,-0.014349,0.049342,-0.246254,-0.022788,0.051496,-0.278630,-0.029359,0.016495,-0.164710,-0.008809,0.019710,-0.233941,-0.016019,0.021042,-0.277346,-0.024005,0.021315,-0.315900,-0.030138,-0.003734,-0.160912,-0.013280,-0.004607,-0.225565,-0.020721,-0.005054,-0.268131,-0.027460,-0.005854,-0.306417,-0.032430,-0.024173,-0.145244,-0.018829,-0.028336,-0.194072,-0.026020,-0.031256,-0.225786,-0.029233,-0.034104,-0.255948,-0.031300,0.000000,0.000000,-0.898925,-0.450051,0.053462,-1.022532,0.041042,-1.193703,0.041505,-0.836116,0.205948,-1.113311,-0.181827,-1.100582
PRUEBA_2,prueba,1,33,0.000000,0.000000,0.000000,0.000000,0.000000,0.000000,0.000000,0.000000,0.000000,0.000000,0.000000,0.000000,0.000000,0.000000,0.000000,0.000000,0.000000,0.000000,0.000000,0.000000,0.000000,0.000000,0.000000,0.000000,0.000000,0.000000,0.000000,0.000000,0.000000,0.000000,0.000000,0.000000,0.000000,0.000000,0.000000,0.000000,0.000000,0.000000,0.000000,0.000000,0.000000,0.000000,0.000000,0.000000,0.000000,0.000000,0.000000,0.000000,0.000000,0.000000,0.000000,0.000000,0.000000,0.000000,0.000000,0.000000,0.000000,0.000000,0.000000,0.000000,0.000000,0.000000,0.000000,0.000000,0.000000,0.000000,0.031859,-0.027980,-0.011274,0.057289,-0.074150,-0.016794,0.074597,-0.111408,-0.022559,0.092740,-0.129329,-0.028813,0.034432,-0.153849,-0.007970,0.041352,-0.208352,-0.017766,0.044115,-0.242036,-0.027029,0.045967,-0.273232,-0.034182,0.012925,-0.164939,-0.010722,0.014573,-0.232836,-0.019296,0.015531,-0.272728,-0.027986,0.015564,-0.307750,-0.034438,-0.007782,-0.161164,-0.015136,-0.010517,-0.226488,-0.023970,-0.012614,-0.266946,-0.031099,-0.014537,-0.304353,-0.036123,-0.027904,-0.144366,-0.020739,-0.033088,-0.193584,-0.028641,-0.036504,-0.222896,-0.031672,-0.039639,-0.250115,-0.033557,0.000000,0.000000,-0.882153,-0.347848,0.051464,-1.016124,0.039211,-1.191528,0.039860,-0.830438,0.205194,-1.114591,-0.184161,-1.102710
PRUEBA_2,prueba,1,34,0.000000,0.000000,0.000000,0.000000,0.000000,0.000000,0.000000,0.000000,0.000000,0.000000,0.000000,0.000000,0.000000,0.000000,0.000000,0.000000,0.000000,0.000000,0.000000,0.000000,0.000000,0.000000,0.000000,0.000000,0.000000,0.000000,0.000000,0.000000,0.000000,0.000000,0.000000,0.000000,0.000000,0.000000,0.000000,0.000000,0.000000,0.000000,0.000000,0.000000,0.000000,0.000000,0.000000,0.000000,0.000000,0.000000,0.000000,0.000000,0.000000,0.000000,0.000000,0.000000,0.000000,0.000000,0.000000,0.000000,0.000000,0.000000,0.000000,0.000000,0.000000,0.000000,0.000000,0.000000,0.000000,0.000000,0.027999,-0.022870,-0.018833,0.046438,-0.074369,-0.028623,0.054815,-0.124929,-0.036895,0.075833,-0.142866,-0.045443,0.018142,-0.156954,-0.019109,0.021248,-0.222879,-0.032028,0.021112,-0.261892,-0.041636,0.020185,-0.294953,-0.048581,-0.006156,-0.163932,-0.019181,-0.007901,-0.244647,-0.030697,-0.010457,-0.289478,-0.038593,-0.012808,-0.324792,-0.043747,-0.028079,-0.155337,-0.021361,-0.033944,-0.232403,-0.032910,-0.038117,-0.277486,-0.040129,-0.040710,-0.314768,-0.044463,-0.048264,-0.131628,-0.025159,-0.056671,-0.190334,-0.035465,-0.061423,-0.224129,-0.039698,-0.064866,-0.254629,-0.042036,0.000000,0.000000,-0.765298,-0.172491,0.050978,-1.043293,0.038658,-1.220713,0.039231,-0.857477,0.204194,-1.143971,-0.182725,-1.135280
PRUEBA_2,prueba,1,35,0.000000,0.000000,0.000000,0.000000,0.000000,0.000000,0.000000,0.000000,0.000000,0.000000,0.000000,0.000000,0.000000,0.000000,0.000000,0.000000,0.000000,0.000000,0.000000,0.000000,0.000000,0.000000,0.000000,0.000000,0.000000,0.000000,0.000000,0.000000,0.000000,0.000000,0.000000,0.000000,0.000000,0.000000,0.000000,0.000000,0.000000,0.000000,0.000000,0.000000,0.000000,0.000000,0.000000,0.000000,0.000000,0.000000,0.000000,0.000000,0.000000,0.000000,0.000000,0.000000,0.000000,0.000000,0.000000,0.000000,0.000000,0.000000,0.000000,0.000000,0.000000,0.000000,0.000000,0.000000,0.000000,0.000000,0.032642,-0.027908,-0.016054,0.050876,-0.083958,-0.022931,0.058414,-0.137027,-0.028842,0.077528,-0.160233,-0.034683,0.021074,-0.171364,-0.008729,0.024298,-0.234819,-0.018154,0.024119,-0.275278,-0.027148,0.022587,-0.309391,-0.034058,-0.002117,-0.178751,-0.008919,-0.003924,-0.255650,-0.017366,-0.005981,-0.303098,-0.024976,-0.008206,-0.341327,-0.030118,-0.023583,-0.170686,-0.011540,-0.029390,-0.247817,-0.020938,-0.032753,-0.295874,-0.028385,-0.035228,-0.334848,-0.032858,-0.043981,-0.147388,-0.015723,-0.052908,-0.205652,-0.024399,-0.057852,-0.242162,-0.028478,-0.061070,-0.273946,-0.030749,0.000000,0.000000,-0.777736,-0.126549,0.052224,-1.058326,0.039784,-1.237647,0.040560,-0.877286,0.204527,-1.157240,-0.180647,-1.151201
